id	State	Area_Name	rate
01001	AL	Autauga County	12.7
01003	AL	Baldwin County	12.9
01005	AL	Barbour County	32.0
01007	AL	Bibb County	22.2
01009	AL	Blount County	14.7
01011	AL	Bullock County	39.6
01013	AL	Butler County	25.8
01015	AL	Calhoun County	20.0
01017	AL	Chambers County	22.4
01019	AL	Cherokee County	19.4
01021	AL	Chilton County	20.2
01023	AL	Choctaw County	24.4
01025	AL	Clarke County	22.2
01027	AL	Clay County	18.4
01029	AL	Cleburne County	18.9
01031	AL	Coffee County	16.2
01033	AL	Colbert County	18.1
01035	AL	Conecuh County	28.3
01037	AL	Coosa County	20.3
01039	AL	Covington County	22.3
01041	AL	Crenshaw County	19.9
01043	AL	Cullman County	19.4
01045	AL	Dale County	18.5
01047	AL	Dallas County	34.6
01049	AL	DeKalb County	20.6
01051	AL	Elmore County	14.0
01053	AL	Escambia County	24.4
01055	AL	Etowah County	19.0
01057	AL	Fayette County	20.4
01059	AL	Franklin County	21.1
01061	AL	Geneva County	22.4
01063	AL	Greene County	37.7
01065	AL	Hale County	28.5
01067	AL	Henry County	17.0
01069	AL	Houston County	18.3
01071	AL	Jackson County	18.4
01073	AL	Jefferson County	18.0
01075	AL	Lamar County	24.7
01077	AL	Lauderdale County	17.3
01079	AL	Lawrence County	18.7
01081	AL	Lee County	21.0
01083	AL	Limestone County	14.3
01085	AL	Lowndes County	35.2
01087	AL	Macon County	32.2
01089	AL	Madison County	13.3
01091	AL	Marengo County	23.3
01093	AL	Marion County	19.8
01095	AL	Marshall County	20.1
01097	AL	Mobile County	18.4
01099	AL	Monroe County	28.6
01101	AL	Montgomery County	22.8
01103	AL	Morgan County	16.4
01105	AL	Perry County	40.0
01107	AL	Pickens County	24.3
01109	AL	Pike County	25.9
01111	AL	Randolph County	18.7
01113	AL	Russell County	23.0
01115	AL	St. Clair County	12.4
01117	AL	Shelby County	8.5
01119	AL	Sumter County	33.2
01121	AL	Talladega County	22.4
01123	AL	Tallapoosa County	21.7
01125	AL	Tuscaloosa County	20.0
01127	AL	Walker County	20.6
01129	AL	Washington County	22.4
01131	AL	Wilcox County	33.2
01133	AL	Winston County	18.9
02013	AK	Aleutians East Borough	17.4
02016	AK	Aleutians West Census Area	8.5
02020	AK	Anchorage Borough	8.7
02050	AK	Bethel Census Area	24.2
02060	AK	Bristol Bay Borough	9.0
02068	AK	Denali Borough	6.6
02070	AK	Dillingham Census Area	20.0
02090	AK	Fairbanks North Star Borough	8.1
02100	AK	Haines Borough	10.9
02105	AK	Hoonah-Angoon Census Area	16.2
02110	AK	Juneau Borough	8.0
02122	AK	Kenai Peninsula Borough	11.4
02130	AK	Ketchikan Gateway Borough	10.3
02150	AK	Kodiak Island Borough	7.5
02158	AK	Kusilvak Census Area	31.8
02164	AK	Lake and Peninsula Borough	19.3
02170	AK	Matanuska-Susitna Borough	9.8
02180	AK	Nome Census Area	21.4
02185	AK	North Slope Borough	12.6
02188	AK	Northwest Arctic Borough	26.3
02195	AK	Petersburg Borough	7.9
02198	AK	Prince of Wales-Hyder Census Area	15.6
02220	AK	Sitka Borough	9.2
02230	AK	Skagway Municipality	3.7
02240	AK	Southeast Fairbanks Census Area	13.5
02261	AK	Valdez-Cordova Census Area	9.5
02275	AK	Wrangell City and Borough	12.0
02282	AK	Yakutat Borough	15.4
02290	AK	Yukon-Koyukuk Census Area	23.4
04001	AZ	Apache County	38.0
04003	AZ	Cochise County	16.9
04005	AZ	Coconino County	19.5
04007	AZ	Gila County	21.3
04009	AZ	Graham County	22.9
04011	AZ	Greenlee County	10.1
04012	AZ	La Paz County	22.2
04013	AZ	Maricopa County	16.3
04015	AZ	Mohave County	17.4
04017	AZ	Navajo County	28.1
04019	AZ	Pima County	18.7
04021	AZ	Pinal County	15.8
04023	AZ	Santa Cruz County	24.4
04025	AZ	Yavapai County	15.1
04027	AZ	Yuma County	21.1
05001	AR	Arkansas County	20.7
05003	AR	Ashley County	19.6
05005	AR	Baxter County	16.4
05007	AR	Benton County	10.8
05009	AR	Boone County	16.5
05011	AR	Bradley County	28.0
05013	AR	Calhoun County	16.7
05015	AR	Carroll County	16.6
05017	AR	Chicot County	31.4
05019	AR	Clark County	22.5
05021	AR	Clay County	20.8
05023	AR	Cleburne County	15.6
05025	AR	Cleveland County	18.1
05027	AR	Columbia County	23.8
05029	AR	Conway County	17.8
05031	AR	Craighead County	17.3
05033	AR	Crawford County	14.4
05035	AR	Crittenden County	25.9
05037	AR	Cross County	21.5
05039	AR	Dallas County	21.3
05041	AR	Desha County	30.9
05043	AR	Drew County	21.2
05045	AR	Faulkner County	14.8
05047	AR	Franklin County	18.2
05049	AR	Fulton County	19.4
05051	AR	Garland County	19.3
05053	AR	Grant County	13.2
05055	AR	Greene County	17.1
05057	AR	Hempstead County	24.1
05059	AR	Hot Spring County	20.8
05061	AR	Howard County	18.7
05063	AR	Independence County	18.0
05065	AR	Izard County	19.8
05067	AR	Jackson County	27.5
05069	AR	Jefferson County	26.5
05071	AR	Johnson County	21.8
05073	AR	Lafayette County	22.7
05075	AR	Lawrence County	23.7
05077	AR	Lee County	35.9
05079	AR	Lincoln County	25.1
05081	AR	Little River County	19.9
05083	AR	Logan County	20.5
05085	AR	Lonoke County	11.9
05087	AR	Madison County	18.8
05089	AR	Marion County	18.8
05091	AR	Miller County	22.3
05093	AR	Mississippi County	26.3
05095	AR	Monroe County	30.9
05097	AR	Montgomery County	21.8
05099	AR	Nevada County	24.0
05101	AR	Newton County	24.2
05103	AR	Ouachita County	22.8
05105	AR	Perry County	16.8
05107	AR	Phillips County	37.3
05109	AR	Pike County	18.5
05111	AR	Poinsett County	23.9
05113	AR	Polk County	24.4
05115	AR	Pope County	20.8
05117	AR	Prairie County	19.6
05119	AR	Pulaski County	19.4
05121	AR	Randolph County	17.6
05123	AR	St. Francis County	30.7
05125	AR	Saline County	10.7
05127	AR	Scott County	20.8
05129	AR	Searcy County	22.2
05131	AR	Sebastian County	22.1
05133	AR	Sevier County	20.8
05135	AR	Sharp County	24.6
05137	AR	Stone County	21.5
05139	AR	Union County	19.7
05141	AR	Van Buren County	19.0
05143	AR	Washington County	16.9
05145	AR	White County	19.7
05147	AR	Woodruff County	25.8
05149	AR	Yell County	17.8
06001	CA	Alameda County	11.5
06003	CA	Alpine County	19.0
06005	CA	Amador County	13.1
06007	CA	Butte County	21.4
06009	CA	Calaveras County	13.0
06011	CA	Colusa County	13.2
06013	CA	Contra Costa County	10.2
06015	CA	Del Norte County	23.3
06017	CA	El Dorado County	9.1
06019	CA	Fresno County	25.2
06021	CA	Glenn County	18.5
06023	CA	Humboldt County	20.9
06025	CA	Imperial County	24.3
06027	CA	Inyo County	12.4
06029	CA	Kern County	21.9
06031	CA	Kings County	22.4
06033	CA	Lake County	20.5
06035	CA	Lassen County	17.1
06037	CA	Los Angeles County	16.7
06039	CA	Madera County	22.6
06041	CA	Marin County	7.5
06043	CA	Mariposa County	15.2
06045	CA	Mendocino County	20.3
06047	CA	Merced County	25.9
06049	CA	Modoc County	20.3
06051	CA	Mono County	11.2
06053	CA	Monterey County	15.3
06055	CA	Napa County	10.1
06057	CA	Nevada County	12.4
06059	CA	Orange County	12.7
06061	CA	Placer County	8.6
06063	CA	Plumas County	13.8
06065	CA	Riverside County	16.2
06067	CA	Sacramento County	16.9
06069	CA	San Benito County	9.3
06071	CA	San Bernardino County	18.9
06073	CA	San Diego County	13.9
06075	CA	San Francisco County	12.4
06077	CA	San Joaquin County	17.5
06079	CA	San Luis Obispo County	14.4
06081	CA	San Mateo County	8.4
06083	CA	Santa Barbara County	15.6
06085	CA	Santa Clara County	8.3
06087	CA	Santa Cruz County	15.4
06089	CA	Shasta County	19.0
06091	CA	Sierra County	13.8
06093	CA	Siskiyou County	22.6
06095	CA	Solano County	12.0
06097	CA	Sonoma County	11.0
06099	CA	Stanislaus County	19.5
06101	CA	Sutter County	17.5
06103	CA	Tehama County	22.5
06105	CA	Trinity County	19.7
06107	CA	Tulare County	27.2
06109	CA	Tuolumne County	14.5
06111	CA	Ventura County	9.9
06113	CA	Yolo County	17.5
06115	CA	Yuba County	21.6
08001	CO	Adams County	12.8
08003	CO	Alamosa County	24.0
08005	CO	Arapahoe County	9.2
08007	CO	Archuleta County	13.1
08009	CO	Baca County	20.8
08011	CO	Bent County	36.7
08013	CO	Boulder County	12.3
08014	CO	Broomfield County	4.9
08015	CO	Chaffee County	11.7
08017	CO	Cheyenne County	11.7
08019	CO	Clear Creek County	9.6
08021	CO	Conejos County	20.2
08023	CO	Costilla County	28.2
08025	CO	Crowley County	44.3
08027	CO	Custer County	15.1
08029	CO	Delta County	15.8
08031	CO	Denver County	15.7
08033	CO	Dolores County	14.9
08035	CO	Douglas County	3.4
08037	CO	Eagle County	7.6
08039	CO	Elbert County	5.9
08041	CO	El Paso County	11.0
08043	CO	Fremont County	17.2
08045	CO	Garfield County	10.3
08047	CO	Gilpin County	8.0
08049	CO	Grand County	8.3
08051	CO	Gunnison County	12.5
08053	CO	Hinsdale County	10.9
08055	CO	Huerfano County	23.2
08057	CO	Jackson County	13.9
08059	CO	Jefferson County	7.9
08061	CO	Kiowa County	13.9
08063	CO	Kit Carson County	12.2
08065	CO	Lake County	15.7
08067	CO	La Plata County	9.4
08069	CO	Larimer County	12.2
08071	CO	Las Animas County	19.3
08073	CO	Lincoln County	19.4
08075	CO	Logan County	15.5
08077	CO	Mesa County	14.1
08079	CO	Mineral County	9.4
08081	CO	Moffat County	11.7
08083	CO	Montezuma County	19.3
08085	CO	Montrose County	17.7
08087	CO	Morgan County	12.1
08089	CO	Otero County	20.6
08091	CO	Ouray County	9.4
08093	CO	Park County	9.2
08095	CO	Phillips County	11.1
08097	CO	Pitkin County	7.0
08099	CO	Prowers County	19.6
08101	CO	Pueblo County	19.8
08103	CO	Rio Blanco County	9.7
08105	CO	Rio Grande County	17.2
08107	CO	Routt County	8.9
08109	CO	Saguache County	29.6
08111	CO	San Juan County	15.6
08113	CO	San Miguel County	11.0
08115	CO	Sedgwick County	13.6
08117	CO	Summit County	8.7
08119	CO	Teller County	8.8
08121	CO	Washington County	11.4
08123	CO	Weld County	11.3
08125	CO	Yuma County	14.1
09001	CT	Fairfield County	9.0
09003	CT	Hartford County	11.1
09005	CT	Litchfield County	7.4
09007	CT	Middlesex County	6.7
09009	CT	New Haven County	13.6
09011	CT	New London County	11.1
09013	CT	Tolland County	7.1
09015	CT	Windham County	10.9
10001	DE	Kent County	14.2
10003	DE	New Castle County	12.1
10005	DE	Sussex County	12.3
11001	DC	District of Columbia	17.7
12001	FL	Alachua County	21.1
12003	FL	Baker County	16.8
12005	FL	Bay County	16.5
12007	FL	Bradford County	21.3
12009	FL	Brevard County	13.4
12011	FL	Broward County	14.0
12013	FL	Calhoun County	22.2
12015	FL	Charlotte County	12.4
12017	FL	Citrus County	17.5
12019	FL	Clay County	11.6
12021	FL	Collier County	13.6
12023	FL	Columbia County	19.7
12027	FL	DeSoto County	30.5
12029	FL	Dixie County	29.3
12031	FL	Duval County	16.0
12033	FL	Escambia County	15.4
12035	FL	Flagler County	11.7
12037	FL	Franklin County	23.7
12039	FL	Gadsden County	24.5
12041	FL	Gilchrist County	19.2
12043	FL	Glades County	22.1
12045	FL	Gulf County	21.9
12047	FL	Hamilton County	31.8
12049	FL	Hardee County	25.9
12051	FL	Hendry County	25.8
12053	FL	Hernando County	14.3
12055	FL	Highlands County	22.9
12057	FL	Hillsborough County	15.8
12059	FL	Holmes County	25.9
12061	FL	Indian River County	13.0
12063	FL	Jackson County	22.5
12065	FL	Jefferson County	19.4
12067	FL	Lafayette County	23.8
12069	FL	Lake County	12.8
12071	FL	Lee County	15.9
12073	FL	Leon County	21.8
12075	FL	Levy County	22.1
12077	FL	Liberty County	22.6
12079	FL	Madison County	27.0
12081	FL	Manatee County	14.8
12083	FL	Marion County	18.7
12085	FL	Martin County	11.2
12086	FL	Miami-Dade County	20.0
12087	FL	Monroe County	11.3
12089	FL	Nassau County	10.8
12091	FL	Okaloosa County	11.3
12093	FL	Okeechobee County	23.2
12095	FL	Orange County	15.6
12097	FL	Osceola County	18.5
12099	FL	Palm Beach County	13.5
12101	FL	Pasco County	14.6
12103	FL	Pinellas County	13.6
12105	FL	Polk County	17.3
12107	FL	Putnam County	27.3
12109	FL	St. Johns County	9.8
12111	FL	St. Lucie County	16.4
12113	FL	Santa Rosa County	12.3
12115	FL	Sarasota County	9.7
12117	FL	Seminole County	11.5
12119	FL	Sumter County	10.1
12121	FL	Suwannee County	23.6
12123	FL	Taylor County	21.2
12125	FL	Union County	26.2
12127	FL	Volusia County	16.3
12129	FL	Wakulla County	16.5
12131	FL	Walton County	14.8
12133	FL	Washington County	24.8
13001	GA	Appling County	22.5
13003	GA	Atkinson County	26.9
13005	GA	Bacon County	23.9
13007	GA	Baker County	28.7
13009	GA	Baldwin County	26.0
13011	GA	Banks County	15.8
13013	GA	Barrow County	15.6
13015	GA	Bartow County	13.6
13017	GA	Ben Hill County	32.5
13019	GA	Berrien County	25.5
13021	GA	Bibb County	26.7
13023	GA	Bleckley County	19.3
13025	GA	Brantley County	21.6
13027	GA	Brooks County	25.4
13029	GA	Bryan County	13.1
13031	GA	Bulloch County	29.9
13033	GA	Burke County	25.1
13035	GA	Butts County	19.0
13037	GA	Calhoun County	37.5
13039	GA	Camden County	13.6
13043	GA	Candler County	28.1
13045	GA	Carroll County	20.4
13047	GA	Catoosa County	13.1
13049	GA	Charlton County	32.5
13051	GA	Chatham County	17.8
13053	GA	Chattahoochee County	21.0
13055	GA	Chattooga County	20.4
13057	GA	Cherokee County	9.4
13059	GA	Clarke County	38.1
13061	GA	Clay County	34.3
13063	GA	Clayton County	23.3
13065	GA	Clinch County	28.2
13067	GA	Cobb County	11.4
13069	GA	Coffee County	22.6
13071	GA	Colquitt County	24.1
13073	GA	Columbia County	9.3
13075	GA	Cook County	24.1
13077	GA	Coweta County	10.9
13079	GA	Crawford County	20.6
13081	GA	Crisp County	32.3
13083	GA	Dade County	16.2
13085	GA	Dawson County	12.1
13087	GA	Decatur County	27.3
13089	GA	DeKalb County	17.8
13091	GA	Dodge County	24.8
13093	GA	Dooly County	33.8
13095	GA	Dougherty County	29.4
13097	GA	Douglas County	14.1
13099	GA	Early County	26.5
13101	GA	Echols County	25.9
13103	GA	Effingham County	11.4
13105	GA	Elbert County	23.7
13107	GA	Emanuel County	27.0
13109	GA	Evans County	27.4
13111	GA	Fannin County	17.4
13113	GA	Fayette County	7.0
13115	GA	Floyd County	19.6
13117	GA	Forsyth County	6.3
13119	GA	Franklin County	21.9
13121	GA	Fulton County	16.0
13123	GA	Gilmer County	16.9
13125	GA	Glascock County	17.8
13127	GA	Glynn County	18.2
13129	GA	Gordon County	18.1
13131	GA	Grady County	29.3
13133	GA	Greene County	21.2
13135	GA	Gwinnett County	12.6
13137	GA	Habersham County	16.6
13139	GA	Hall County	16.9
13141	GA	Hancock County	34.7
13143	GA	Haralson County	19.2
13145	GA	Harris County	9.9
13147	GA	Hart County	18.6
13149	GA	Heard County	19.1
13151	GA	Henry County	9.9
13153	GA	Houston County	15.2
13155	GA	Irwin County	24.7
13157	GA	Jackson County	13.0
13159	GA	Jasper County	17.4
13161	GA	Jeff Davis County	21.7
13163	GA	Jefferson County	27.7
13165	GA	Jenkins County	35.9
13167	GA	Johnson County	30.2
13169	GA	Jones County	14.2
13171	GA	Lamar County	21.0
13173	GA	Lanier County	21.8
13175	GA	Laurens County	25.5
13177	GA	Lee County	10.7
13179	GA	Liberty County	20.3
13181	GA	Lincoln County	21.4
13183	GA	Long County	19.1
13185	GA	Lowndes County	26.5
13187	GA	Lumpkin County	16.5
13189	GA	McDuffie County	27.4
13191	GA	McIntosh County	24.0
13193	GA	Macon County	33.5
13195	GA	Madison County	15.1
13197	GA	Marion County	25.5
13199	GA	Meriwether County	22.1
13201	GA	Miller County	25.1
13205	GA	Mitchell County	28.0
13207	GA	Monroe County	14.2
13209	GA	Montgomery County	24.3
13211	GA	Morgan County	14.3
13213	GA	Murray County	17.8
13215	GA	Muscogee County	22.2
13217	GA	Newton County	14.9
13219	GA	Oconee County	6.8
13221	GA	Oglethorpe County	16.9
13223	GA	Paulding County	8.8
13225	GA	Peach County	22.0
13227	GA	Pickens County	12.6
13229	GA	Pierce County	22.1
13231	GA	Pike County	11.7
13233	GA	Polk County	20.8
13235	GA	Pulaski County	24.4
13237	GA	Putnam County	18.1
13239	GA	Quitman County	28.9
13241	GA	Rabun County	16.1
13243	GA	Randolph County	26.9
13245	GA	Richmond County	24.3
13247	GA	Rockdale County	15.9
13249	GA	Schley County	19.5
13251	GA	Screven County	27.0
13253	GA	Seminole County	25.8
13255	GA	Spalding County	22.2
13257	GA	Stephens County	21.2
13259	GA	Stewart County	42.0
13261	GA	Sumter County	30.8
13263	GA	Talbot County	25.6
13265	GA	Taliaferro County	33.5
13267	GA	Tattnall County	27.5
13269	GA	Taylor County	27.3
13271	GA	Telfair County	34.7
13273	GA	Terrell County	36.5
13275	GA	Thomas County	21.7
13277	GA	Tift County	27.1
13279	GA	Toombs County	25.1
13281	GA	Towns County	16.7
13283	GA	Treutlen County	28.7
13285	GA	Troup County	19.3
13287	GA	Turner County	28.4
13289	GA	Twiggs County	26.3
13291	GA	Union County	14.3
13293	GA	Upson County	22.7
13295	GA	Walker County	18.8
13297	GA	Walton County	12.7
13299	GA	Ware County	28.4
13301	GA	Warren County	27.7
13303	GA	Washington County	26.3
13305	GA	Wayne County	20.8
13307	GA	Webster County	23.6
13309	GA	Wheeler County	39.3
13311	GA	White County	15.2
13313	GA	Whitfield County	15.3
13315	GA	Wilcox County	30.4
13317	GA	Wilkes County	22.9
13319	GA	Wilkinson County	20.9
13321	GA	Worth County	21.7
15001	HI	Hawaii County	18.3
15003	HI	Honolulu County	9.2
15005	HI	Kalawao County
15007	HI	Kauai County	11.2
15009	HI	Maui County	10.7
16001	ID	Ada County	11.7
16003	ID	Adams County	15.8
16005	ID	Bannock County	22.3
16007	ID	Bear Lake County	13.7
16009	ID	Benewah County	18.0
16011	ID	Bingham County	14.0
16013	ID	Blaine County	8.9
16015	ID	Boise County	14.4
16017	ID	Bonner County	15.8
16019	ID	Bonneville County	13.2
16021	ID	Boundary County	15.8
16023	ID	Butte County	15.9
16025	ID	Camas County	10.7
16027	ID	Canyon County	15.9
16029	ID	Caribou County	10.8
16031	ID	Cassia County	16.7
16033	ID	Clark County	15.3
16035	ID	Clearwater County	15.3
16037	ID	Custer County	14.0
16039	ID	Elmore County	15.0
16041	ID	Franklin County	9.7
16043	ID	Fremont County	15.0
16045	ID	Gem County	15.8
16047	ID	Gooding County	13.9
16049	ID	Idaho County	16.3
16051	ID	Jefferson County	10.5
16053	ID	Jerome County	15.8
16055	ID	Kootenai County	14.7
16057	ID	Latah County	19.6
16059	ID	Lemhi County	17.6
16061	ID	Lewis County	16.3
16063	ID	Lincoln County	14.5
16065	ID	Madison County	28.1
16067	ID	Minidoka County	17.0
16069	ID	Nez Perce County	13.5
16071	ID	Oneida County	12.2
16073	ID	Owyhee County	19.9
16075	ID	Payette County	15.7
16077	ID	Power County	14.1
16079	ID	Shoshone County	21.1
16081	ID	Teton County	9.8
16083	ID	Twin Falls County	14.6
16085	ID	Valley County	10.7
16087	ID	Washington County	17.1
17001	IL	Adams County	13.4
17003	IL	Alexander County	28.6
17005	IL	Bond County	14.8
17007	IL	Boone County	10.3
17009	IL	Brown County	16.7
17011	IL	Bureau County	12.6
17013	IL	Calhoun County	11.6
17015	IL	Carroll County	10.7
17017	IL	Cass County	12.2
17019	IL	Champaign County	20.1
17021	IL	Christian County	12.7
17023	IL	Clark County	13.8
17025	IL	Clay County	14.5
17027	IL	Clinton County	8.5
17029	IL	Coles County	21.8
17031	IL	Cook County	16.2
17033	IL	Crawford County	13.4
17035	IL	Cumberland County	12.0
17037	IL	DeKalb County	16.2
17039	IL	De Witt County	11.6
17041	IL	Douglas County	10.2
17043	IL	DuPage County	7.1
17045	IL	Edgar County	13.9
17047	IL	Edwards County	11.3
17049	IL	Effingham County	9.8
17051	IL	Fayette County	18.5
17053	IL	Ford County	11.3
17055	IL	Franklin County	18.7
17057	IL	Fulton County	14.9
17059	IL	Gallatin County	17.9
17061	IL	Greene County	16.6
17063	IL	Grundy County	7.7
17065	IL	Hamilton County	13.0
17067	IL	Hancock County	12.7
17069	IL	Hardin County	20.6
17071	IL	Henderson County	11.5
17073	IL	Henry County	10.7
17075	IL	Iroquois County	13.3
17077	IL	Jackson County	23.5
17079	IL	Jasper County	12.0
17081	IL	Jefferson County	16.7
17083	IL	Jersey County	11.4
17085	IL	Jo Daviess County	9.4
17087	IL	Johnson County	14.3
17089	IL	Kane County	10.8
17091	IL	Kankakee County	15.2
17093	IL	Kendall County	4.8
17095	IL	Knox County	17.2
17097	IL	Lake County	9.0
17099	IL	La Salle County	12.9
17101	IL	Lawrence County	17.7
17103	IL	Lee County	12.7
17105	IL	Livingston County	12.8
17107	IL	Logan County	13.7
17109	IL	McDonough County	22.8
17111	IL	McHenry County	8.1
17113	IL	McLean County	11.7
17115	IL	Macon County	18.2
17117	IL	Macoupin County	13.7
17119	IL	Madison County	12.9
17121	IL	Marion County	18.0
17123	IL	Marshall County	10.6
17125	IL	Mason County	13.9
17127	IL	Massac County	16.8
17129	IL	Menard County	10.3
17131	IL	Mercer County	10.1
17133	IL	Monroe County	5.0
17135	IL	Montgomery County	16.6
17137	IL	Morgan County	14.8
17139	IL	Moultrie County	8.6
17141	IL	Ogle County	10.4
17143	IL	Peoria County	15.6
17145	IL	Perry County	16.8
17147	IL	Piatt County	6.5
17149	IL	Pike County	15.0
17151	IL	Pope County	18.1
17153	IL	Pulaski County	24.7
17155	IL	Putnam County	8.8
17157	IL	Randolph County	14.3
17159	IL	Richland County	14.9
17161	IL	Rock Island County	13.2
17163	IL	St. Clair County	16.4
17165	IL	Saline County	23.2
17167	IL	Sangamon County	15.3
17169	IL	Schuyler County	12.9
17171	IL	Scott County	11.3
17173	IL	Shelby County	11.6
17175	IL	Stark County	12.7
17177	IL	Stephenson County	13.0
17179	IL	Tazewell County	8.4
17181	IL	Union County	15.3
17183	IL	Vermilion County	18.4
17185	IL	Wabash County	12.2
17187	IL	Warren County	14.3
17189	IL	Washington County	8.8
17191	IL	Wayne County	12.8
17193	IL	White County	14.9
17195	IL	Whiteside County	12.8
17197	IL	Will County	8.0
17199	IL	Williamson County	16.2
17201	IL	Winnebago County	14.7
17203	IL	Woodford County	7.0
18001	IN	Adams County	12.8
18003	IN	Allen County	14.6
18005	IN	Bartholomew County	11.9
18007	IN	Benton County	11.1
18009	IN	Blackford County	14.5
18011	IN	Boone County	6.0
18013	IN	Brown County	11.4
18015	IN	Carroll County	9.4
18017	IN	Cass County	13.1
18019	IN	Clark County	10.4
18021	IN	Clay County	12.9
18023	IN	Clinton County	11.9
18025	IN	Crawford County	18.7
18027	IN	Daviess County	14.6
18029	IN	Dearborn County	8.9
18031	IN	Decatur County	13.0
18033	IN	De Kalb County	10.5
18035	IN	Delaware County	23.0
18037	IN	Dubois County	7.6
18039	IN	Elkhart County	14.0
18041	IN	Fayette County	16.2
18043	IN	Floyd County	11.3
18045	IN	Fountain County	12.1
18047	IN	Franklin County	9.9
18049	IN	Fulton County	11.7
18051	IN	Gibson County	11.0
18053	IN	Grant County	18.0
18055	IN	Greene County	14.7
18057	IN	Hamilton County	4.7
18059	IN	Hancock County	6.0
18061	IN	Harrison County	11.2
18063	IN	Hendricks County	5.5
18065	IN	Henry County	14.7
18067	IN	Howard County	16.9
18069	IN	Huntington County	10.9
18071	IN	Jackson County	12.1
18073	IN	Jasper County	9.3
18075	IN	Jay County	15.2
18077	IN	Jefferson County	13.4
18079	IN	Jennings County	13.1
18081	IN	Johnson County	8.0
18083	IN	Knox County	19.1
18085	IN	Kosciusko County	10.0
18087	IN	Lagrange County	8.6
18089	IN	Lake County	16.6
18091	IN	La Porte County	15.7
18093	IN	Lawrence County	13.9
18095	IN	Madison County	16.7
18097	IN	Marion County	20.6
18099	IN	Marshall County	10.6
18101	IN	Martin County	13.8
18103	IN	Miami County	14.8
18105	IN	Monroe County	23.5
18107	IN	Montgomery County	12.3
18109	IN	Morgan County	11.4
18111	IN	Newton County	12.2
18113	IN	Noble County	9.8
18115	IN	Ohio County	10.2
18117	IN	Orange County	15.7
18119	IN	Owen County	15.8
18121	IN	Parke County	17.2
18123	IN	Perry County	13.2
18125	IN	Pike County	11.1
18127	IN	Porter County	11.6
18129	IN	Posey County	9.7
18131	IN	Pulaski County	14.2
18133	IN	Putnam County	13.6
18135	IN	Randolph County	18.0
18137	IN	Ripley County	10.6
18139	IN	Rush County	13.9
18141	IN	St. Joseph County	16.7
18143	IN	Scott County	15.6
18145	IN	Shelby County	11.9
18147	IN	Spencer County	9.4
18149	IN	Starke County	14.8
18151	IN	Steuben County	10.1
18153	IN	Sullivan County	16.4
18155	IN	Switzerland County	15.9
18157	IN	Tippecanoe County	18.9
18159	IN	Tipton County	8.7
18161	IN	Union County	12.4
18163	IN	Vanderburgh County	17.2
18165	IN	Vermillion County	12.9
18167	IN	Vigo County	20.4
18169	IN	Wabash County	12.0
18171	IN	Warren County	10.2
18173	IN	Warrick County	7.5
18175	IN	Washington County	14.4
18177	IN	Wayne County	18.0
18179	IN	Wells County	9.5
18181	IN	White County	10.9
18183	IN	Whitley County	7.9
19001	IA	Adair County	11.9
19003	IA	Adams County	12.5
19005	IA	Allamakee County	10.8
19007	IA	Appanoose County	16.5
19009	IA	Audubon County	10.3
19011	IA	Benton County	8.3
19013	IA	Black Hawk County	14.2
19015	IA	Boone County	8.8
19017	IA	Bremer County	7.8
19019	IA	Buchanan County	10.3
19021	IA	Buena Vista County	13.7
19023	IA	Butler County	9.2
19025	IA	Calhoun County	12.5
19027	IA	Carroll County	8.7
19029	IA	Cass County	13.9
19031	IA	Cedar County	7.3
19033	IA	Cerro Gordo County	12.3
19035	IA	Cherokee County	10.3
19037	IA	Chickasaw County	8.5
19039	IA	Clarke County	11.8
19041	IA	Clay County	11.6
19043	IA	Clayton County	11.2
19045	IA	Clinton County	13.4
19047	IA	Crawford County	15.1
19049	IA	Dallas County	5.3
19051	IA	Davis County	12.7
19053	IA	Decatur County	21.7
19055	IA	Delaware County	10.2
19057	IA	Des Moines County	14.7
19059	IA	Dickinson County	8.6
19061	IA	Dubuque County	12.0
19063	IA	Emmet County	13.8
19065	IA	Fayette County	12.9
19067	IA	Floyd County	14.5
19069	IA	Franklin County	11.9
19071	IA	Fremont County	12.1
19073	IA	Greene County	11.1
19075	IA	Grundy County	6.3
19077	IA	Guthrie County	10.4
19079	IA	Hamilton County	11.0
19081	IA	Hancock County	9.2
19083	IA	Hardin County	9.6
19085	IA	Harrison County	9.9
19087	IA	Henry County	12.0
19089	IA	Howard County	11.0
19091	IA	Humboldt County	10.8
19093	IA	Ida County	10.6
19095	IA	Iowa County	6.9
19097	IA	Jackson County	12.9
19099	IA	Jasper County	9.3
19101	IA	Jefferson County	15.3
19103	IA	Johnson County	18.3
19105	IA	Jones County	11.1
19107	IA	Keokuk County	12.1
19109	IA	Kossuth County	11.6
19111	IA	Lee County	15.9
19113	IA	Linn County	11.0
19115	IA	Louisa County	10.8
19117	IA	Lucas County	14.7
19119	IA	Lyon County	7.4
19121	IA	Madison County	8.2
19123	IA	Mahaska County	14.4
19125	IA	Marion County	9.2
19127	IA	Marshall County	11.3
19129	IA	Mills County	10.3
19131	IA	Mitchell County	9.3
19133	IA	Monona County	13.2
19135	IA	Monroe County	12.1
19137	IA	Montgomery County	13.4
19139	IA	Muscatine County	11.5
19141	IA	O'Brien County	9.2
19143	IA	Osceola County	9.6
19145	IA	Page County	15.7
19147	IA	Palo Alto County	11.6
19149	IA	Plymouth County	8.3
19151	IA	Pocahontas County	13.1
19153	IA	Polk County	11.9
19155	IA	Pottawattamie County	13.5
19157	IA	Poweshiek County	10.9
19159	IA	Ringgold County	14.1
19161	IA	Sac County	10.9
19163	IA	Scott County	12.4
19165	IA	Shelby County	9.2
19167	IA	Sioux County	7.6
19169	IA	Story County	18.6
19171	IA	Tama County	11.2
19173	IA	Taylor County	14.7
19175	IA	Union County	14.3
19177	IA	Van Buren County	15.8
19179	IA	Wapello County	16.0
19181	IA	Warren County	7.8
19183	IA	Washington County	10.9
19185	IA	Wayne County	16.4
19187	IA	Webster County	14.6
19189	IA	Winnebago County	10.8
19191	IA	Winneshiek County	9.5
19193	IA	Woodbury County	14.0
19195	IA	Worth County	10.9
19197	IA	Wright County	12.6
20001	KS	Allen County	18.9
20003	KS	Anderson County	14.0
20005	KS	Atchison County	16.6
20007	KS	Barber County	11.1
20009	KS	Barton County	14.4
20011	KS	Bourbon County	18.2
20013	KS	Brown County	14.9
20015	KS	Butler County	10.6
20017	KS	Chase County	12.7
20019	KS	Chautauqua County	16.8
20021	KS	Cherokee County	18.0
20023	KS	Cheyenne County	12.3
20025	KS	Clark County	12.0
20027	KS	Clay County	11.1
20029	KS	Cloud County	12.8
20031	KS	Coffey County	9.9
20033	KS	Comanche County	11.4
20035	KS	Cowley County	15.3
20037	KS	Crawford County	19.1
20039	KS	Decatur County	12.3
20041	KS	Dickinson County	12.2
20043	KS	Doniphan County	13.2
20045	KS	Douglas County	19.4
20047	KS	Edwards County	10.6
20049	KS	Elk County	17.6
20051	KS	Ellis County	12.0
20053	KS	Ellsworth County	10.6
20055	KS	Finney County	14.6
20057	KS	Ford County	13.2
20059	KS	Franklin County	11.7
20061	KS	Geary County	11.9
20063	KS	Gove County	9.9
20065	KS	Graham County	12.2
20067	KS	Grant County	10.2
20069	KS	Gray County	8.3
20071	KS	Greeley County	11.4
20073	KS	Greenwood County	15.8
20075	KS	Hamilton County	13.1
20077	KS	Harper County	13.7
20079	KS	Harvey County	9.4
20081	KS	Haskell County	11.2
20083	KS	Hodgeman County	9.6
20085	KS	Jackson County	11.3
20087	KS	Jefferson County	9.1
20089	KS	Jewell County	13.5
20091	KS	Johnson County	5.5
20093	KS	Kearny County	11.5
20095	KS	Kingman County	11.5
20097	KS	Kiowa County	12.6
20099	KS	Labette County	18.2
20101	KS	Lane County	9.6
20103	KS	Leavenworth County	10.7
20105	KS	Lincoln County	12.5
20107	KS	Linn County	14.0
20109	KS	Logan County	9.4
20111	KS	Lyon County	17.5
20113	KS	McPherson County	7.6
20115	KS	Marion County	10.9
20117	KS	Marshall County	10.7
20119	KS	Meade County	9.5
20121	KS	Miami County	8.8
20123	KS	Mitchell County	10.5
20125	KS	Montgomery County	19.9
20127	KS	Morris County	10.8
20129	KS	Morton County	10.3
20131	KS	Nemaha County	8.8
20133	KS	Neosho County	18.9
20135	KS	Ness County	9.4
20137	KS	Norton County	12.7
20139	KS	Osage County	12.7
20141	KS	Osborne County	13.1
20143	KS	Ottawa County	10.0
20145	KS	Pawnee County	14.5
20147	KS	Phillips County	11.1
20149	KS	Pottawatomie County	8.1
20151	KS	Pratt County	10.8
20153	KS	Rawlins County	11.7
20155	KS	Reno County	13.1
20157	KS	Republic County	11.2
20159	KS	Rice County	13.8
20161	KS	Riley County	23.4
20163	KS	Rooks County	11.7
20165	KS	Rush County	11.5
20167	KS	Russell County	13.2
20169	KS	Saline County	14.3
20171	KS	Scott County	7.7
20173	KS	Sedgwick County	15.2
20175	KS	Seward County	15.0
20177	KS	Shawnee County	14.2
20179	KS	Sheridan County	10.9
20181	KS	Sherman County	16.5
20183	KS	Smith County	12.2
20185	KS	Stafford County	12.8
20187	KS	Stanton County	10.9
20189	KS	Stevens County	11.3
20191	KS	Sumner County	11.7
20193	KS	Thomas County	10.9
20195	KS	Trego County	10.4
20197	KS	Wabaunsee County	8.3
20199	KS	Wallace County	12.4
20201	KS	Washington County	10.7
20203	KS	Wichita County	10.9
20205	KS	Wilson County	15.6
20207	KS	Woodson County	19.5
20209	KS	Wyandotte County	21.9
21001	KY	Adair County	27.2
21003	KY	Allen County	19.8
21005	KY	Anderson County	10.7
21007	KY	Ballard County	15.1
21009	KY	Barren County	19.3
21011	KY	Bath County	24.9
21013	KY	Bell County	44.7
21015	KY	Boone County	8.2
21017	KY	Bourbon County	14.8
21019	KY	Boyd County	20.5
21021	KY	Boyle County	17.2
21023	KY	Bracken County	15.7
21025	KY	Breathitt County	32.9
21027	KY	Breckinridge County	19.0
21029	KY	Bullitt County	9.6
21031	KY	Butler County	21.6
21033	KY	Caldwell County	18.8
21035	KY	Calloway County	21.1
21037	KY	Campbell County	14.4
21039	KY	Carlisle County	14.8
21041	KY	Carroll County	17.6
21043	KY	Carter County	19.7
21045	KY	Casey County	25.1
21047	KY	Christian County	20.3
21049	KY	Clark County	15.4
21051	KY	Clay County	46.8
21053	KY	Clinton County	26.4
21055	KY	Crittenden County	19.2
21057	KY	Cumberland County	24.8
21059	KY	Daviess County	14.9
21061	KY	Edmonson County	20.0
21063	KY	Elliott County	34.4
21065	KY	Estill County	28.2
21067	KY	Fayette County	19.1
21069	KY	Fleming County	20.0
21071	KY	Floyd County	29.5
21073	KY	Franklin County	13.7
21075	KY	Fulton County	30.4
21077	KY	Gallatin County	15.0
21079	KY	Garrard County	17.0
21081	KY	Grant County	16.4
21083	KY	Graves County	16.3
21085	KY	Grayson County	22.9
21087	KY	Green County	20.5
21089	KY	Greenup County	16.8
21091	KY	Hancock County	13.8
21093	KY	Hardin County	15.0
21095	KY	Harlan County	35.5
21097	KY	Harrison County	16.2
21099	KY	Hart County	22.0
21101	KY	Henderson County	17.0
21103	KY	Henry County	17.7
21105	KY	Hickman County	17.6
21107	KY	Hopkins County	18.4
21109	KY	Jackson County	31.2
21111	KY	Jefferson County	15.4
21113	KY	Jessamine County	18.3
21115	KY	Johnson County	25.9
21117	KY	Kenton County	12.8
21119	KY	Knott County	33.8
21121	KY	Knox County	32.0
21123	KY	Larue County	18.1
21125	KY	Laurel County	23.0
21127	KY	Lawrence County	25.0
21129	KY	Lee County	34.7
21131	KY	Leslie County	33.7
21133	KY	Letcher County	33.2
21135	KY	Lewis County	24.7
21137	KY	Lincoln County	21.2
21139	KY	Livingston County	15.3
21141	KY	Logan County	15.5
21143	KY	Lyon County	16.9
21145	KY	McCracken County	15.2
21147	KY	McCreary County	41.5
21149	KY	McLean County	17.3
21151	KY	Madison County	18.2
21153	KY	Magoffin County	32.6
21155	KY	Marion County	20.5
21157	KY	Marshall County	12.1
21159	KY	Martin County	40.0
21161	KY	Mason County	19.5
21163	KY	Meade County	13.5
21165	KY	Menifee County	26.8
21167	KY	Mercer County	15.1
21169	KY	Metcalfe County	22.9
21171	KY	Monroe County	25.3
21173	KY	Montgomery County	21.5
21175	KY	Morgan County	31.3
21177	KY	Muhlenberg County	19.4
21179	KY	Nelson County	12.5
21181	KY	Nicholas County	21.5
21183	KY	Ohio County	19.9
21185	KY	Oldham County	6.2
21187	KY	Owen County	16.9
21189	KY	Owsley County	42.4
21191	KY	Pendleton County	16.4
21193	KY	Perry County	28.5
21195	KY	Pike County	25.0
21197	KY	Powell County	26.0
21199	KY	Pulaski County	23.0
21201	KY	Robertson County	22.5
21203	KY	Rockcastle County	22.9
21205	KY	Rowan County	27.2
21207	KY	Russell County	24.6
21209	KY	Scott County	13.1
21211	KY	Shelby County	11.5
21213	KY	Simpson County	16.0
21215	KY	Spencer County	9.0
21217	KY	Taylor County	23.0
21219	KY	Todd County	19.3
21221	KY	Trigg County	15.1
21223	KY	Trimble County	15.7
21225	KY	Union County	20.7
21227	KY	Warren County	18.0
21229	KY	Washington County	17.1
21231	KY	Wayne County	28.0
21233	KY	Webster County	18.1
21235	KY	Whitley County	29.2
21237	KY	Wolfe County	30.7
21239	KY	Woodford County	11.6
22001	LA	Acadia Parish	23.7
22003	LA	Allen Parish	20.4
22005	LA	Ascension Parish	10.7
22007	LA	Assumption Parish	16.8
22009	LA	Avoyelles Parish	25.3
22011	LA	Beauregard Parish	19.5
22013	LA	Bienville Parish	25.4
22015	LA	Bossier Parish	14.5
22017	LA	Caddo Parish	22.2
22019	LA	Calcasieu Parish	17.5
22021	LA	Caldwell Parish	22.9
22023	LA	Cameron Parish	12.7
22025	LA	Catahoula Parish	27.2
22027	LA	Claiborne Parish	30.9
22029	LA	Concordia Parish	29.5
22031	LA	De Soto Parish	24.9
22033	LA	East Baton Rouge Parish	18.5
22035	LA	East Carroll Parish	43.5
22037	LA	East Feliciana Parish	21.8
22039	LA	Evangeline Parish	25.7
22041	LA	Franklin Parish	25.4
22043	LA	Grant Parish	21.3
22045	LA	Iberia Parish	20.8
22047	LA	Iberville Parish	22.3
22049	LA	Jackson Parish	21.1
22051	LA	Jefferson Parish	16.3
22053	LA	Jefferson Davis Parish	20.3
22055	LA	Lafayette Parish	17.0
22057	LA	Lafourche Parish	14.1
22059	LA	La Salle Parish	18.5
22061	LA	Lincoln Parish	25.5
22063	LA	Livingston Parish	13.5
22065	LA	Madison Parish	37.6
22067	LA	Morehouse Parish	31.1
22069	LA	Natchitoches Parish	29.6
22071	LA	Orleans Parish	24.0
22073	LA	Ouachita Parish	23.0
22075	LA	Plaquemines Parish	17.3
22077	LA	Pointe Coupee Parish	19.3
22079	LA	Rapides Parish	21.6
22081	LA	Red River Parish	25.7
22083	LA	Richland Parish	24.7
22085	LA	Sabine Parish	18.1
22087	LA	St. Bernard Parish	20.4
22089	LA	St. Charles Parish	11.8
22091	LA	St. Helena Parish	19.9
22093	LA	St. James Parish	18.3
22095	LA	St. John the Baptist Parish	20.5
22097	LA	St. Landry Parish	27.0
22099	LA	St. Martin Parish	18.3
22101	LA	St. Mary Parish	19.7
22103	LA	St. Tammany Parish	12.5
22105	LA	Tangipahoa Parish	24.0
22107	LA	Tensas Parish	35.1
22109	LA	Terrebonne Parish	20.1
22111	LA	Union Parish	21.9
22113	LA	Vermilion Parish	18.1
22115	LA	Vernon Parish	17.5
22117	LA	Washington Parish	26.2
22119	LA	Webster Parish	25.9
22121	LA	West Baton Rouge Parish	15.1
22123	LA	West Carroll Parish	22.7
22125	LA	West Feliciana Parish	23.9
22127	LA	Winn Parish	24.0
23001	ME	Androscoggin County	15.0
23003	ME	Aroostook County	18.4
23005	ME	Cumberland County	10.7
23007	ME	Franklin County	14.6
23009	ME	Hancock County	11.5
23011	ME	Kennebec County	13.1
23013	ME	Knox County	11.4
23015	ME	Lincoln County	14.1
23017	ME	Oxford County	17.0
23019	ME	Penobscot County	17.1
23021	ME	Piscataquis County	19.1
23023	ME	Sagadahoc County	11.2
23025	ME	Somerset County	18.7
23027	ME	Waldo County	14.4
23029	ME	Washington County	18.8
23031	ME	York County	8.3
24001	MD	Allegany County	20.0
24003	MD	Anne Arundel County	6.0
24005	MD	Baltimore County	9.1
24009	MD	Calvert County	5.9
24011	MD	Caroline County	14.4
24013	MD	Carroll County	6.2
24015	MD	Cecil County	10.0
24017	MD	Charles County	7.1
24019	MD	Dorchester County	18.1
24021	MD	Frederick County	7.4
24023	MD	Garrett County	13.6
24025	MD	Harford County	7.8
24027	MD	Howard County	5.2
24029	MD	Kent County	14.8
24031	MD	Montgomery County	7.5
24033	MD	Prince George's County	9.5
24035	MD	Queen Anne's County	7.2
24037	MD	St. Mary's County	8.7
24039	MD	Somerset County	25.8
24041	MD	Talbot County	10.4
24043	MD	Washington County	12.0
24045	MD	Wicomico County	14.7
24047	MD	Worcester County	11.3
24510	MD	Baltimore city	22.7
25001	MA	Barnstable County	7.6
25003	MA	Berkshire County	14.3
25005	MA	Bristol County	12.6
25007	MA	Dukes County	8.5
25009	MA	Essex County	11.5
25011	MA	Franklin County	11.8
25013	MA	Hampden County	17.1
25015	MA	Hampshire County	15.3
25017	MA	Middlesex County	7.6
25019	MA	Nantucket County	7.3
25021	MA	Norfolk County	7.1
25023	MA	Plymouth County	9.7
25025	MA	Suffolk County	19.8
25027	MA	Worcester County	12.1
26001	MI	Alcona County	15.8
26003	MI	Alger County	14.6
26005	MI	Allegan County	11.2
26007	MI	Alpena County	16.2
26009	MI	Antrim County	14.2
26011	MI	Arenac County	20.1
26013	MI	Baraga County	17.3
26015	MI	Barry County	9.3
26017	MI	Bay County	14.5
26019	MI	Benzie County	10.5
26021	MI	Berrien County	17.1
26023	MI	Branch County	14.9
26025	MI	Calhoun County	16.1
26027	MI	Cass County	14.8
26029	MI	Charlevoix County	11.6
26031	MI	Cheboygan County	17.6
26033	MI	Chippewa County	19.7
26035	MI	Clare County	24.7
26037	MI	Clinton County	10.0
26039	MI	Crawford County	17.2
26041	MI	Delta County	14.8
26043	MI	Dickinson County	12.3
26045	MI	Eaton County	10.9
26047	MI	Emmet County	11.0
26049	MI	Genesee County	20.5
26051	MI	Gladwin County	19.8
26053	MI	Gogebic County	18.6
26055	MI	Grand Traverse County	8.5
26057	MI	Gratiot County	16.5
26059	MI	Hillsdale County	16.6
26061	MI	Houghton County	17.4
26063	MI	Huron County	11.7
26065	MI	Ingham County	21.0
26067	MI	Ionia County	14.2
26069	MI	Iosco County	16.1
26071	MI	Iron County	14.6
26073	MI	Isabella County	26.1
26075	MI	Jackson County	16.2
26077	MI	Kalamazoo County	16.0
26079	MI	Kalkaska County	16.5
26081	MI	Kent County	14.5
26083	MI	Keweenaw County	13.4
26085	MI	Lake County	24.8
26087	MI	Lapeer County	10.0
26089	MI	Leelanau County	7.9
26091	MI	Lenawee County	14.3
26093	MI	Livingston County	6.5
26095	MI	Luce County	19.6
26097	MI	Mackinac County	16.1
26099	MI	Macomb County	11.7
26101	MI	Manistee County	15.0
26103	MI	Marquette County	15.0
26105	MI	Mason County	16.8
26107	MI	Mecosta County	21.3
26109	MI	Menominee County	16.9
26111	MI	Midland County	11.5
26113	MI	Missaukee County	17.5
26115	MI	Monroe County	10.6
26117	MI	Montcalm County	17.9
26119	MI	Montmorency County	18.2
26121	MI	Muskegon County	16.1
26123	MI	Newaygo County	16.3
26125	MI	Oakland County	9.3
26127	MI	Oceana County	17.2
26129	MI	Ogemaw County	19.4
26131	MI	Ontonagon County	14.6
26133	MI	Osceola County	18.7
26135	MI	Oscoda County	20.5
26137	MI	Otsego County	12.1
26139	MI	Ottawa County	8.6
26141	MI	Presque Isle County	13.6
26143	MI	Roscommon County	19.2
26145	MI	Saginaw County	18.6
26147	MI	St. Clair County	12.8
26149	MI	St. Joseph County	14.7
26151	MI	Sanilac County	16.7
26153	MI	Schoolcraft County	15.9
26155	MI	Shiawassee County	12.4
26157	MI	Tuscola County	15.5
26159	MI	Van Buren County	15.7
26161	MI	Washtenaw County	14.2
26163	MI	Wayne County	24.8
26165	MI	Wexford County	14.8
27001	MN	Aitkin County	14.2
27003	MN	Anoka County	7.1
27005	MN	Becker County	11.3
27007	MN	Beltrami County	16.2
27009	MN	Benton County	11.4
27011	MN	Big Stone County	11.5
27013	MN	Blue Earth County	17.2
27015	MN	Brown County	8.3
27017	MN	Carlton County	10.8
27019	MN	Carver County	4.5
27021	MN	Cass County	15.0
27023	MN	Chippewa County	11.1
27025	MN	Chisago County	6.3
27027	MN	Clay County	12.1
27029	MN	Clearwater County	14.6
27031	MN	Cook County	11.1
27033	MN	Cottonwood County	13.7
27035	MN	Crow Wing County	10.4
27037	MN	Dakota County	7.1
27039	MN	Dodge County	6.9
27041	MN	Douglas County	8.8
27043	MN	Faribault County	11.3
27045	MN	Fillmore County	10.8
27047	MN	Freeborn County	13.4
27049	MN	Goodhue County	8.9
27051	MN	Grant County	10.6
27053	MN	Hennepin County	10.9
27055	MN	Houston County	8.2
27057	MN	Hubbard County	10.6
27059	MN	Isanti County	7.7
27061	MN	Itasca County	12.7
27063	MN	Jackson County	9.2
27065	MN	Kanabec County	11.7
27067	MN	Kandiyohi County	10.9
27069	MN	Kittson County	10.2
27071	MN	Koochiching County	14.3
27073	MN	Lac qui Parle County	8.4
27075	MN	Lake County	9.8
27077	MN	Lake of the Woods County	11.7
27079	MN	Le Sueur County	8.5
27081	MN	Lincoln County	9.3
27083	MN	Lyon County	12.2
27085	MN	McLeod County	8.6
27087	MN	Mahnomen County	21.5
27089	MN	Marshall County	8.3
27091	MN	Martin County	13.6
27093	MN	Meeker County	7.9
27095	MN	Mille Lacs County	12.4
27097	MN	Morrison County	10.9
27099	MN	Mower County	10.8
27101	MN	Murray County	9.0
27103	MN	Nicollet County	10.7
27105	MN	Nobles County	12.9
27107	MN	Norman County	11.7
27109	MN	Olmsted County	8.9
27111	MN	Otter Tail County	9.7
27113	MN	Pennington County	10.4
27115	MN	Pine County	13.9
27117	MN	Pipestone County	11.0
27119	MN	Polk County	11.8
27121	MN	Pope County	8.4
27123	MN	Ramsey County	15.1
27125	MN	Red Lake County	9.7
27127	MN	Redwood County	11.0
27129	MN	Renville County	9.5
27131	MN	Rice County	9.2
27133	MN	Rock County	9.7
27135	MN	Roseau County	9.4
27137	MN	St. Louis County	13.4
27139	MN	Scott County	5.1
27141	MN	Sherburne County	7.5
27143	MN	Sibley County	8.9
27145	MN	Stearns County	13.5
27147	MN	Steele County	9.4
27149	MN	Stevens County	10.9
27151	MN	Swift County	11.9
27153	MN	Todd County	12.8
27155	MN	Traverse County	14.4
27157	MN	Wabasha County	6.9
27159	MN	Wadena County	15.0
27161	MN	Waseca County	9.9
27163	MN	Washington County	5.1
27165	MN	Watonwan County	11.3
27167	MN	Wilkin County	9.8
27169	MN	Winona County	12.7
27171	MN	Wright County	5.1
27173	MN	Yellow Medicine County	12.5
28001	MS	Adams County	29.6
28003	MS	Alcorn County	19.6
28005	MS	Amite County	22.2
28007	MS	Attala County	22.9
28009	MS	Benton County	25.3
28011	MS	Bolivar County	36.1
28013	MS	Calhoun County	23.0
28015	MS	Carroll County	19.0
28017	MS	Chickasaw County	26.6
28019	MS	Choctaw County	24.5
28021	MS	Claiborne County	46.3
28023	MS	Clarke County	21.8
28025	MS	Clay County	27.6
28027	MS	Coahoma County	35.0
28029	MS	Copiah County	26.1
28031	MS	Covington County	22.4
28033	MS	DeSoto County	10.0
28035	MS	Forrest County	26.6
28037	MS	Franklin County	20.6
28039	MS	George County	17.1
28041	MS	Greene County	22.6
28043	MS	Grenada County	21.3
28045	MS	Hancock County	20.8
28047	MS	Harrison County	22.0
28049	MS	Hinds County	27.1
28051	MS	Holmes County	43.3
28053	MS	Humphreys County	41.5
28055	MS	Issaquena County	40.4
28057	MS	Itawamba County	18.1
28059	MS	Jackson County	16.1
28061	MS	Jasper County	22.8
28063	MS	Jefferson County	39.3
28065	MS	Jefferson Davis County	30.5
28067	MS	Jones County	23.2
28069	MS	Kemper County	31.9
28071	MS	Lafayette County	21.0
28073	MS	Lamar County	16.4
28075	MS	Lauderdale County	22.0
28077	MS	Lawrence County	20.9
28079	MS	Leake County	24.3
28081	MS	Lee County	17.4
28083	MS	Leflore County	42.3
28085	MS	Lincoln County	20.0
28087	MS	Lowndes County	23.5
28089	MS	Madison County	12.7
28091	MS	Marion County	24.2
28093	MS	Marshall County	23.3
28095	MS	Monroe County	20.7
28097	MS	Montgomery County	25.8
28099	MS	Neshoba County	25.5
28101	MS	Newton County	22.7
28103	MS	Noxubee County	34.3
28105	MS	Oktibbeha County	27.1
28107	MS	Panola County	24.8
28109	MS	Pearl River County	21.0
28111	MS	Perry County	21.0
28113	MS	Pike County	30.1
28115	MS	Pontotoc County	15.6
28117	MS	Prentiss County	19.5
28119	MS	Quitman County	38.2
28121	MS	Rankin County	9.7
28123	MS	Scott County	21.7
28125	MS	Sharkey County	34.3
28127	MS	Simpson County	24.5
28129	MS	Smith County	19.5
28131	MS	Stone County	20.5
28133	MS	Sunflower County	39.3
28135	MS	Tallahatchie County	32.9
28137	MS	Tate County	19.2
28139	MS	Tippah County	18.2
28141	MS	Tishomingo County	17.1
28143	MS	Tunica County	28.9
28145	MS	Union County	17.0
28147	MS	Walthall County	27.6
28149	MS	Warren County	21.6
28151	MS	Washington County	36.2
28153	MS	Wayne County	24.5
28155	MS	Webster County	20.5
28157	MS	Wilkinson County	34.5
28159	MS	Winston County	26.6
28161	MS	Yalobusha County	22.4
28163	MS	Yazoo County	34.2
29001	MO	Adair County	21.9
29003	MO	Andrew County	9.5
29005	MO	Atchison County	13.0
29007	MO	Audrain County	18.7
29009	MO	Barry County	20.7
29011	MO	Barton County	18.0
29013	MO	Bates County	14.1
29015	MO	Benton County	18.7
29017	MO	Bollinger County	18.3
29019	MO	Boone County	17.7
29021	MO	Buchanan County	17.3
29023	MO	Butler County	23.4
29025	MO	Caldwell County	12.7
29027	MO	Callaway County	13.9
29029	MO	Camden County	14.9
29031	MO	Cape Girardeau County	16.4
29033	MO	Carroll County	15.7
29035	MO	Carter County	21.4
29037	MO	Cass County	9.2
29039	MO	Cedar County	19.9
29041	MO	Chariton County	13.3
29043	MO	Christian County	10.4
29045	MO	Clark County	14.7
29047	MO	Clay County	7.8
29049	MO	Clinton County	10.4
29051	MO	Cole County	11.9
29053	MO	Cooper County	14.4
29055	MO	Crawford County	19.4
29057	MO	Dade County	17.5
29059	MO	Dallas County	18.1
29061	MO	Daviess County	15.3
29063	MO	DeKalb County	20.0
29065	MO	Dent County	21.5
29067	MO	Douglas County	23.1
29069	MO	Dunklin County	27.6
29071	MO	Franklin County	11.4
29073	MO	Gasconade County	12.1
29075	MO	Gentry County	14.9
29077	MO	Greene County	17.7
29079	MO	Grundy County	19.1
29081	MO	Harrison County	18.0
29083	MO	Henry County	18.8
29085	MO	Hickory County	23.8
29087	MO	Holt County	13.7
29089	MO	Howard County	15.9
29091	MO	Howell County	19.9
29093	MO	Iron County	22.9
29095	MO	Jackson County	17.6
29097	MO	Jasper County	16.0
29099	MO	Jefferson County	10.5
29101	MO	Johnson County	16.3
29103	MO	Knox County	18.7
29105	MO	Laclede County	17.4
29107	MO	Lafayette County	12.2
29109	MO	Lawrence County	18.3
29111	MO	Lewis County	16.3
29113	MO	Lincoln County	11.3
29115	MO	Linn County	17.4
29117	MO	Livingston County	18.8
29119	MO	McDonald County	20.1
29121	MO	Macon County	14.6
29123	MO	Madison County	19.3
29125	MO	Maries County	15.4
29127	MO	Marion County	17.7
29129	MO	Mercer County	14.2
29131	MO	Miller County	18.7
29133	MO	Mississippi County	26.6
29135	MO	Moniteau County	14.7
29137	MO	Monroe County	14.0
29139	MO	Montgomery County	17.0
29141	MO	Morgan County	23.1
29143	MO	New Madrid County	23.9
29145	MO	Newton County	14.5
29147	MO	Nodaway County	22.9
29149	MO	Oregon County	24.7
29151	MO	Osage County	9.6
29153	MO	Ozark County	27.7
29155	MO	Pemiscot County	28.0
29157	MO	Perry County	11.1
29159	MO	Pettis County	15.1
29161	MO	Phelps County	19.1
29163	MO	Pike County	18.2
29165	MO	Platte County	7.6
29167	MO	Polk County	17.5
29169	MO	Pulaski County	16.2
29171	MO	Putnam County	18.0
29173	MO	Ralls County	11.5
29175	MO	Randolph County	20.0
29177	MO	Ray County	11.1
29179	MO	Reynolds County	21.5
29181	MO	Ripley County	25.4
29183	MO	St. Charles County	6.3
29185	MO	St. Clair County	22.6
29186	MO	Ste. Genevieve County	10.9
29187	MO	St. Francois County	18.2
29189	MO	St. Louis County	10.3
29195	MO	Saline County	16.5
29197	MO	Schuyler County	18.3
29199	MO	Scotland County	15.8
29201	MO	Scott County	18.1
29203	MO	Shannon County	23.9
29205	MO	Shelby County	16.8
29207	MO	Stoddard County	19.0
29209	MO	Stone County	14.8
29211	MO	Sullivan County	17.4
29213	MO	Taney County	16.0
29215	MO	Texas County	23.3
29217	MO	Vernon County	18.5
29219	MO	Warren County	12.3
29221	MO	Washington County	20.7
29223	MO	Wayne County	24.3
29225	MO	Webster County	19.2
29227	MO	Worth County	15.9
29229	MO	Wright County	24.1
29510	MO	St. Louis city	25.5
30001	MT	Beaverhead County	17.0
30003	MT	Big Horn County	31.0
30005	MT	Blaine County	29.6
30007	MT	Broadwater County	10.8
30009	MT	Carbon County	11.7
30011	MT	Carter County	13.9
30013	MT	Cascade County	14.4
30015	MT	Chouteau County	17.6
30017	MT	Custer County	12.2
30019	MT	Daniels County	10.2
30021	MT	Dawson County	11.0
30023	MT	Deer Lodge County	18.1
30025	MT	Fallon County	7.7
30027	MT	Fergus County	13.6
30029	MT	Flathead County	14.0
30031	MT	Gallatin County	10.9
30033	MT	Garfield County	14.2
30035	MT	Glacier County	28.1
30037	MT	Golden Valley County	20.2
30039	MT	Granite County	14.1
30041	MT	Hill County	21.2
30043	MT	Jefferson County	9.8
30045	MT	Judith Basin County	13.8
30047	MT	Lake County	20.8
30049	MT	Lewis and Clark County	12.2
30051	MT	Liberty County	17.0
30053	MT	Lincoln County	20.3
30055	MT	McCone County	13.9
30057	MT	Madison County	11.4
30059	MT	Meagher County	17.3
30061	MT	Mineral County	16.4
30063	MT	Missoula County	15.8
30065	MT	Musselshell County	17.7
30067	MT	Park County	12.7
30069	MT	Petroleum County	15.4
30071	MT	Phillips County	16.4
30073	MT	Pondera County	20.1
30075	MT	Powder River County	10.7
30077	MT	Powell County	18.1
30079	MT	Prairie County	12.5
30081	MT	Ravalli County	14.9
30083	MT	Richland County	7.0
30085	MT	Roosevelt County	24.3
30087	MT	Rosebud County	18.8
30089	MT	Sanders County	18.7
30091	MT	Sheridan County	9.4
30093	MT	Silver Bow County	16.7
30095	MT	Stillwater County	9.1
30097	MT	Sweet Grass County	10.7
30099	MT	Teton County	12.4
30101	MT	Toole County	17.0
30103	MT	Treasure County	11.8
30105	MT	Valley County	12.1
30107	MT	Wheatland County	20.1
30109	MT	Wibaux County	10.1
30111	MT	Yellowstone County	10.4
31001	NE	Adams County	12.7
31003	NE	Antelope County	12.2
31005	NE	Arthur County	13.2
31007	NE	Banner County	11.9
31009	NE	Blaine County	16.6
31011	NE	Boone County	9.2
31013	NE	Box Butte County	11.6
31015	NE	Boyd County	12.2
31017	NE	Brown County	12.6
31019	NE	Buffalo County	13.0
31021	NE	Burt County	11.6
31023	NE	Butler County	8.1
31025	NE	Cass County	7.1
31027	NE	Cedar County	9.4
31029	NE	Chase County	8.2
31031	NE	Cherry County	11.7
31033	NE	Cheyenne County	9.0
31035	NE	Clay County	10.2
31037	NE	Colfax County	10.9
31039	NE	Cuming County	9.9
31041	NE	Custer County	11.6
31043	NE	Dakota County	14.6
31045	NE	Dawes County	17.8
31047	NE	Dawson County	12.6
31049	NE	Deuel County	11.1
31051	NE	Dixon County	9.3
31053	NE	Dodge County	11.6
31055	NE	Douglas County	14.5
31057	NE	Dundy County	13.2
31059	NE	Fillmore County	9.8
31061	NE	Franklin County	13.3
31063	NE	Frontier County	12.6
31065	NE	Furnas County	13.4
31067	NE	Gage County	10.2
31069	NE	Garden County	14.8
31071	NE	Garfield County	11.9
31073	NE	Gosper County	9.1
31075	NE	Grant County	9.2
31077	NE	Greeley County	12.2
31079	NE	Hall County	13.5
31081	NE	Hamilton County	7.3
31083	NE	Harlan County	12.0
31085	NE	Hayes County	14.7
31087	NE	Hitchcock County	14.1
31089	NE	Holt County	11.9
31091	NE	Hooker County	8.1
31093	NE	Howard County	10.4
31095	NE	Jefferson County	12.3
31097	NE	Johnson County	13.2
31099	NE	Kearney County	8.6
31101	NE	Keith County	10.9
31103	NE	Keya Paha County	15.1
31105	NE	Kimball County	12.7
31107	NE	Knox County	13.7
31109	NE	Lancaster County	13.5
31111	NE	Lincoln County	12.3
31113	NE	Logan County	8.9
31115	NE	Loup County	15.3
31117	NE	McPherson County	12.1
31119	NE	Madison County	13.8
31121	NE	Merrick County	10.4
31123	NE	Morrill County	13.5
31125	NE	Nance County	13.2
31127	NE	Nemaha County	13.1
31129	NE	Nuckolls County	12.5
31131	NE	Otoe County	10.6
31133	NE	Pawnee County	13.2
31135	NE	Perkins County	10.1
31137	NE	Phelps County	10.4
31139	NE	Pierce County	9.4
31141	NE	Platte County	8.3
31143	NE	Polk County	7.9
31145	NE	Red Willow County	11.8
31147	NE	Richardson County	13.0
31149	NE	Rock County	14.2
31151	NE	Saline County	10.0
31153	NE	Sarpy County	5.8
31155	NE	Saunders County	8.8
31157	NE	Scotts Bluff County	15.1
31159	NE	Seward County	7.5
31161	NE	Sheridan County	14.3
31163	NE	Sherman County	12.5
31165	NE	Sioux County	14.0
31167	NE	Stanton County	8.5
31169	NE	Thayer County	10.2
31171	NE	Thomas County	12.6
31173	NE	Thurston County	25.6
31175	NE	Valley County	12.2
31177	NE	Washington County	6.7
31179	NE	Wayne County	12.0
31181	NE	Webster County	12.9
31183	NE	Wheeler County	11.4
31185	NE	York County	10.1
32001	NV	Churchill County	13.1
32003	NV	Clark County	15.4
32005	NV	Douglas County	9.4
32007	NV	Elko County	9.9
32009	NV	Esmeralda County	14.7
32011	NV	Eureka County	9.5
32013	NV	Humboldt County	9.4
32015	NV	Lander County	10.8
32017	NV	Lincoln County	14.3
32019	NV	Lyon County	13.8
32021	NV	Mineral County	18.0
32023	NV	Nye County	17.5
32027	NV	Pershing County	18.3
32029	NV	Storey County	7.8
32031	NV	Washoe County	13.8
32033	NV	White Pine County	14.1
32510	NV	Carson City	16.4
33001	NH	Belknap County	8.8
33003	NH	Carroll County	9.6
33005	NH	Cheshire County	9.9
33007	NH	Coos County	16.1
33009	NH	Grafton County	11.2
33011	NH	Hillsborough County	8.0
33013	NH	Merrimack County	8.3
33015	NH	Rockingham County	5.2
33017	NH	Strafford County	11.4
33019	NH	Sullivan County	11.2
34001	NJ	Atlantic County	14.1
34003	NJ	Bergen County	7.1
34005	NJ	Burlington County	7.7
34007	NJ	Camden County	13.1
34009	NJ	Cape May County	10.5
34011	NJ	Cumberland County	17.2
34013	NJ	Essex County	16.8
34015	NJ	Gloucester County	7.7
34017	NJ	Hudson County	17.7
34019	NJ	Hunterdon County	5.0
34021	NJ	Mercer County	11.2
34023	NJ	Middlesex County	8.5
34025	NJ	Monmouth County	7.5
34027	NJ	Morris County	5.3
34029	NJ	Ocean County	10.9
34031	NJ	Passaic County	17.3
34033	NJ	Salem County	11.9
34035	NJ	Somerset County	5.5
34037	NJ	Sussex County	5.6
34039	NJ	Union County	10.6
34041	NJ	Warren County	7.7
35001	NM	Bernalillo County	19.0
35003	NM	Catron County	23.4
35005	NM	Chaves County	21.1
35006	NM	Cibola County	29.2
35007	NM	Colfax County	19.7
35009	NM	Curry County	21.7
35011	NM	DeBaca County	20.2
35013	NM	Dona Ana County	25.7
35015	NM	Eddy County	12.3
35017	NM	Grant County	20.5
35019	NM	Guadalupe County	23.9
35021	NM	Harding County	14.3
35023	NM	Hidalgo County	25.2
35025	NM	Lea County	14.3
35027	NM	Lincoln County	17.8
35028	NM	Los Alamos County	4.0
35029	NM	Luna County	30.9
35031	NM	McKinley County	34.1
35033	NM	Mora County	23.9
35035	NM	Otero County	23.0
35037	NM	Quay County	23.0
35039	NM	Rio Arriba County	24.2
35041	NM	Roosevelt County	20.4
35043	NM	Sandoval County	11.2
35045	NM	San Juan County	18.8
35047	NM	San Miguel County	28.7
35049	NM	Santa Fe County	13.1
35051	NM	Sierra County	28.7
35053	NM	Socorro County	23.5
35055	NM	Taos County	19.9
35057	NM	Torrance County	26.2
35059	NM	Union County	17.1
35061	NM	Valencia County	19.8
36001	NY	Albany County	12.6
36003	NY	Allegany County	16.8
36005	NY	Bronx County	30.3
36007	NY	Broome County	17.7
36009	NY	Cattaraugus County	18.0
36011	NY	Cayuga County	12.7
36013	NY	Chautauqua County	17.2
36015	NY	Chemung County	14.9
36017	NY	Chenango County	14.3
36019	NY	Clinton County	17.5
36021	NY	Columbia County	13.6
36023	NY	Cortland County	16.2
36025	NY	Delaware County	16.9
36027	NY	Dutchess County	10.4
36029	NY	Erie County	15.6
36031	NY	Essex County	12.2
36033	NY	Franklin County	18.3
36035	NY	Fulton County	17.9
36037	NY	Genesee County	13.4
36039	NY	Greene County	16.4
36041	NY	Hamilton County	11.1
36043	NY	Herkimer County	12.7
36045	NY	Jefferson County	14.1
36047	NY	Kings County	22.3
36049	NY	Lewis County	14.0
36051	NY	Livingston County	13.2
36053	NY	Madison County	12.9
36055	NY	Monroe County	14.8
36057	NY	Montgomery County	18.4
36059	NY	Nassau County	6.1
36061	NY	New York County	17.6
36063	NY	Niagara County	15.5
36065	NY	Oneida County	18.0
36067	NY	Onondaga County	14.6
36069	NY	Ontario County	9.6
36071	NY	Orange County	12.1
36073	NY	Orleans County	14.2
36075	NY	Oswego County	17.4
36077	NY	Otsego County	16.8
36079	NY	Putnam County	6.0
36081	NY	Queens County	13.9
36083	NY	Rensselaer County	12.0
36085	NY	Richmond County	14.2
36087	NY	Rockland County	14.0
36089	NY	St. Lawrence County	18.5
36091	NY	Saratoga County	6.4
36093	NY	Schenectady County	12.0
36095	NY	Schoharie County	13.7
36097	NY	Schuyler County	12.5
36099	NY	Seneca County	14.1
36101	NY	Steuben County	15.4
36103	NY	Suffolk County	7.8
36105	NY	Sullivan County	18.1
36107	NY	Tioga County	11.7
36109	NY	Tompkins County	20.1
36111	NY	Ulster County	14.0
36113	NY	Warren County	11.3
36115	NY	Washington County	13.3
36117	NY	Wayne County	12.2
36119	NY	Westchester County	10.1
36121	NY	Wyoming County	13.3
36123	NY	Yates County	13.6
37001	NC	Alamance County	18.9
37003	NC	Alexander County	15.5
37005	NC	Alleghany County	22.9
37007	NC	Anson County	25.2
37009	NC	Ashe County	20.2
37011	NC	Avery County	19.7
37013	NC	Beaufort County	19.2
37015	NC	Bertie County	24.8
37017	NC	Bladen County	25.4
37019	NC	Brunswick County	14.3
37021	NC	Buncombe County	15.2
37023	NC	Burke County	16.7
37025	NC	Cabarrus County	10.8
37027	NC	Caldwell County	16.2
37029	NC	Camden County	9.7
37031	NC	Carteret County	13.8
37033	NC	Caswell County	20.1
37035	NC	Catawba County	15.1
37037	NC	Chatham County	11.6
37039	NC	Cherokee County	18.3
37041	NC	Chowan County	19.4
37043	NC	Clay County	17.4
37045	NC	Cleveland County	19.8
37047	NC	Columbus County	24.0
37049	NC	Craven County	15.0
37051	NC	Cumberland County	18.8
37053	NC	Currituck County	10.4
37055	NC	Dare County	10.3
37057	NC	Davidson County	14.1
37059	NC	Davie County	12.3
37061	NC	Duplin County	24.9
37063	NC	Durham County	17.1
37065	NC	Edgecombe County	27.8
37067	NC	Forsyth County	18.1
37069	NC	Franklin County	16.0
37071	NC	Gaston County	17.3
37073	NC	Gates County	16.7
37075	NC	Graham County	21.0
37077	NC	Granville County	16.0
37079	NC	Greene County	25.4
37081	NC	Guilford County	15.7
37083	NC	Halifax County	27.9
37085	NC	Harnett County	17.7
37087	NC	Haywood County	17.6
37089	NC	Henderson County	13.1
37091	NC	Hertford County	26.9
37093	NC	Hoke County	19.9
37095	NC	Hyde County	23.0
37097	NC	Iredell County	14.2
37099	NC	Jackson County	20.9
37101	NC	Johnston County	13.0
37103	NC	Jones County	21.4
37105	NC	Lee County	17.1
37107	NC	Lenoir County	22.7
37109	NC	Lincoln County	13.4
37111	NC	McDowell County	18.8
37113	NC	Macon County	16.9
37115	NC	Madison County	20.9
37117	NC	Martin County	22.5
37119	NC	Mecklenburg County	14.3
37121	NC	Mitchell County	16.7
37123	NC	Montgomery County	19.9
37125	NC	Moore County	13.2
37127	NC	Nash County	18.1
37129	NC	New Hanover County	17.3
37131	NC	Northampton County	26.8
37133	NC	Onslow County	15.3
37135	NC	Orange County	14.3
37137	NC	Pamlico County	14.6
37139	NC	Pasquotank County	19.1
37141	NC	Pender County	14.8
37143	NC	Perquimans County	17.6
37145	NC	Person County	16.3
37147	NC	Pitt County	25.9
37149	NC	Polk County	13.5
37151	NC	Randolph County	16.4
37153	NC	Richmond County	28.7
37155	NC	Robeson County	30.6
37157	NC	Rockingham County	18.4
37159	NC	Rowan County	17.3
37161	NC	Rutherford County	19.2
37163	NC	Sampson County	21.4
37165	NC	Scotland County	29.0
37167	NC	Stanly County	17.1
37169	NC	Stokes County	15.3
37171	NC	Surry County	18.2
37173	NC	Swain County	16.2
37175	NC	Transylvania County	15.4
37177	NC	Tyrrell County	25.0
37179	NC	Union County	9.7
37181	NC	Vance County	24.6
37183	NC	Wake County	11.1
37185	NC	Warren County	27.3
37187	NC	Washington County	23.4
37189	NC	Watauga County	25.3
37191	NC	Wayne County	18.4
37193	NC	Wilkes County	18.7
37195	NC	Wilson County	19.9
37197	NC	Yadkin County	16.3
37199	NC	Yancey County	19.3
38001	ND	Adams County	10.1
38003	ND	Barnes County	12.4
38005	ND	Benson County	27.9
38007	ND	Billings County	7.1
38009	ND	Bottineau County	10.6
38011	ND	Bowman County	7.6
38013	ND	Burke County	8.4
38015	ND	Burleigh County	9.0
38017	ND	Cass County	10.7
38019	ND	Cavalier County	9.4
38021	ND	Dickey County	10.3
38023	ND	Divide County	8.6
38025	ND	Dunn County	9.9
38027	ND	Eddy County	11.3
38029	ND	Emmons County	13.9
38031	ND	Foster County	8.4
38033	ND	Golden Valley County	10.2
38035	ND	Grand Forks County	14.3
38037	ND	Grant County	15.6
38039	ND	Griggs County	10.0
38041	ND	Hettinger County	10.6
38043	ND	Kidder County	13.9
38045	ND	LaMoure County	10.9
38047	ND	Logan County	11.8
38049	ND	McHenry County	11.1
38051	ND	McIntosh County	12.5
38053	ND	McKenzie County	8.4
38055	ND	McLean County	10.0
38057	ND	Mercer County	7.2
38059	ND	Morton County	7.8
38061	ND	Mountrail County	11.2
38063	ND	Nelson County	11.6
38065	ND	Oliver County	10.2
38067	ND	Pembina County	8.8
38069	ND	Pierce County	16.1
38071	ND	Ramsey County	12.0
38073	ND	Ransom County	9.1
38075	ND	Renville County	7.6
38077	ND	Richland County	10.2
38079	ND	Rolette County	25.5
38081	ND	Sargent County	7.8
38083	ND	Sheridan County	17.6
38085	ND	Sioux County	40.4
38087	ND	Slope County	9.0
38089	ND	Stark County	7.5
38091	ND	Steele County	7.8
38093	ND	Stutsman County	11.4
38095	ND	Towner County	10.4
38097	ND	Traill County	9.5
38099	ND	Walsh County	10.8
38101	ND	Ward County	8.4
38103	ND	Wells County	10.4
38105	ND	Williams County	7.8
39001	OH	Adams County	21.3
39003	OH	Allen County	15.5
39005	OH	Ashland County	14.1
39007	OH	Ashtabula County	18.6
39009	OH	Athens County	31.5
39011	OH	Auglaize County	8.7
39013	OH	Belmont County	14.6
39015	OH	Brown County	14.9
39017	OH	Butler County	14.4
39019	OH	Carroll County	13.0
39021	OH	Champaign County	10.8
39023	OH	Clark County	15.1
39025	OH	Clermont County	9.5
39027	OH	Clinton County	13.6
39029	OH	Columbiana County	14.7
39031	OH	Coshocton County	15.1
39033	OH	Crawford County	16.5
39035	OH	Cuyahoga County	18.2
39037	OH	Darke County	9.6
39039	OH	Defiance County	10.2
39041	OH	Delaware County	4.4
39043	OH	Erie County	12.7
39045	OH	Fairfield County	9.1
39047	OH	Fayette County	16.3
39049	OH	Franklin County	17.1
39051	OH	Fulton County	8.5
39053	OH	Gallia County	21.7
39055	OH	Geauga County	6.7
39057	OH	Greene County	12.7
39059	OH	Guernsey County	18.6
39061	OH	Hamilton County	16.6
39063	OH	Hancock County	10.6
39065	OH	Hardin County	16.5
39067	OH	Harrison County	15.5
39069	OH	Henry County	9.4
39071	OH	Highland County	17.9
39073	OH	Hocking County	15.7
39075	OH	Holmes County	10.8
39077	OH	Huron County	13.1
39079	OH	Jackson County	20.4
39081	OH	Jefferson County	17.8
39083	OH	Knox County	14.8
39085	OH	Lake County	8.3
39087	OH	Lawrence County	21.0
39089	OH	Licking County	12.6
39091	OH	Logan County	10.9
39093	OH	Lorain County	13.5
39095	OH	Lucas County	19.5
39097	OH	Madison County	9.3
39099	OH	Mahoning County	16.8
39101	OH	Marion County	18.2
39103	OH	Medina County	7.0
39105	OH	Meigs County	22.8
39107	OH	Mercer County	7.8
39109	OH	Miami County	10.7
39111	OH	Monroe County	18.3
39113	OH	Montgomery County	17.7
39115	OH	Morgan County	19.0
39117	OH	Morrow County	11.3
39119	OH	Muskingum County	16.5
39121	OH	Noble County	15.0
39123	OH	Ottawa County	9.7
39125	OH	Paulding County	10.9
39127	OH	Perry County	18.8
39129	OH	Pickaway County	12.4
39131	OH	Pike County	21.4
39133	OH	Portage County	13.6
39135	OH	Preble County	12.7
39137	OH	Putnam County	7.2
39139	OH	Richland County	15.1
39141	OH	Ross County	17.8
39143	OH	Sandusky County	12.2
39145	OH	Scioto County	23.0
39147	OH	Seneca County	13.6
39149	OH	Shelby County	8.9
39151	OH	Stark County	13.4
39153	OH	Summit County	14.4
39155	OH	Trumbull County	17.6
39157	OH	Tuscarawas County	13.0
39159	OH	Union County	7.6
39161	OH	Van Wert County	11.2
39163	OH	Vinton County	18.9
39165	OH	Warren County	5.2
39167	OH	Washington County	15.0
39169	OH	Wayne County	11.3
39171	OH	Williams County	12.0
39173	OH	Wood County	11.7
39175	OH	Wyandot County	8.8
40001	OK	Adair County	28.4
40003	OK	Alfalfa County	14.6
40005	OK	Atoka County	23.0
40007	OK	Beaver County	11.1
40009	OK	Beckham County	13.9
40011	OK	Blaine County	16.3
40013	OK	Bryan County	18.1
40015	OK	Caddo County	21.3
40017	OK	Canadian County	9.8
40019	OK	Carter County	16.3
40021	OK	Cherokee County	21.5
40023	OK	Choctaw County	29.9
40025	OK	Cimarron County	17.0
40027	OK	Cleveland County	11.5
40029	OK	Coal County	19.4
40031	OK	Comanche County	15.1
40033	OK	Cotton County	16.8
40035	OK	Craig County	18.2
40037	OK	Creek County	15.7
40039	OK	Custer County	17.9
40041	OK	Delaware County	20.5
40043	OK	Dewey County	13.1
40045	OK	Ellis County	11.9
40047	OK	Garfield County	14.5
40049	OK	Garvin County	14.2
40051	OK	Grady County	13.1
40053	OK	Grant County	11.4
40055	OK	Greer County	23.7
40057	OK	Harmon County	23.6
40059	OK	Harper County	9.8
40061	OK	Haskell County	18.1
40063	OK	Hughes County	20.1
40065	OK	Jackson County	17.2
40067	OK	Jefferson County	19.9
40069	OK	Johnston County	21.4
40071	OK	Kay County	18.7
40073	OK	Kingfisher County	10.6
40075	OK	Kiowa County	21.1
40077	OK	Latimer County	19.4
40079	OK	Le Flore County	19.3
40081	OK	Lincoln County	14.7
40083	OK	Logan County	13.1
40085	OK	Love County	12.4
40087	OK	McClain County	10.7
40089	OK	McCurtain County	25.3
40091	OK	McIntosh County	21.3
40093	OK	Major County	10.8
40095	OK	Marshall County	17.1
40097	OK	Mayes County	18.5
40099	OK	Murray County	14.4
40101	OK	Muskogee County	21.1
40103	OK	Noble County	11.8
40105	OK	Nowata County	16.4
40107	OK	Okfuskee County	23.9
40109	OK	Oklahoma County	16.2
40111	OK	Okmulgee County	22.5
40113	OK	Osage County	16.3
40115	OK	Ottawa County	23.0
40117	OK	Pawnee County	16.0
40119	OK	Payne County	22.7
40121	OK	Pittsburg County	17.0
40123	OK	Pontotoc County	15.4
40125	OK	Pottawatomie County	17.0
40127	OK	Pushmataha County	21.1
40129	OK	Roger Mills County	10.8
40131	OK	Rogers County	10.0
40133	OK	Seminole County	20.7
40135	OK	Sequoyah County	24.4
40137	OK	Stephens County	15.6
40139	OK	Texas County	11.4
40141	OK	Tillman County	23.1
40143	OK	Tulsa County	15.9
40145	OK	Wagoner County	10.2
40147	OK	Washington County	13.5
40149	OK	Washita County	15.8
40151	OK	Woods County	13.8
40153	OK	Woodward County	11.8
41001	OR	Baker County	15.3
41003	OR	Benton County	18.3
41005	OR	Clackamas County	9.4
41007	OR	Clatsop County	13.9
41009	OR	Columbia County	13.4
41011	OR	Coos County	18.7
41013	OR	Crook County	15.9
41015	OR	Curry County	17.2
41017	OR	Deschutes County	13.4
41019	OR	Douglas County	19.5
41021	OR	Gilliam County	12.9
41023	OR	Grant County	16.4
41025	OR	Harney County	16.3
41027	OR	Hood River County	11.5
41029	OR	Jackson County	19.3
41031	OR	Jefferson County	21.9
41033	OR	Josephine County	21.9
41035	OR	Klamath County	19.9
41037	OR	Lake County	18.6
41039	OR	Lane County	19.0
41041	OR	Lincoln County	17.0
41043	OR	Linn County	15.8
41045	OR	Malheur County	24.9
41047	OR	Marion County	16.8
41049	OR	Morrow County	15.0
41051	OR	Multnomah County	15.7
41053	OR	Polk County	13.7
41055	OR	Sherman County	16.3
41057	OR	Tillamook County	15.5
41059	OR	Umatilla County	19.2
41061	OR	Union County	16.5
41063	OR	Wallowa County	16.1
41065	OR	Wasco County	16.0
41067	OR	Washington County	10.5
41069	OR	Wheeler County	21.4
41071	OR	Yamhill County	13.3
42001	PA	Adams County	8.5
42003	PA	Allegheny County	12.2
42005	PA	Armstrong County	12.6
42007	PA	Beaver County	13.1
42009	PA	Bedford County	13.9
42011	PA	Berks County	12.6
42013	PA	Blair County	15.3
42015	PA	Bradford County	13.0
42017	PA	Bucks County	6.3
42019	PA	Butler County	9.5
42021	PA	Cambria County	14.9
42023	PA	Cameron County	13.3
42025	PA	Carbon County	11.5
42027	PA	Centre County	16.1
42029	PA	Chester County	6.0
42031	PA	Clarion County	17.4
42033	PA	Clearfield County	16.6
42035	PA	Clinton County	16.0
42037	PA	Columbia County	15.0
42039	PA	Crawford County	15.3
42041	PA	Cumberland County	7.3
42043	PA	Dauphin County	13.6
42045	PA	Delaware County	10.4
42047	PA	Elk County	9.3
42049	PA	Erie County	17.1
42051	PA	Fayette County	20.1
42053	PA	Forest County	24.3
42055	PA	Franklin County	9.4
42057	PA	Fulton County	11.6
42059	PA	Greene County	15.1
42061	PA	Huntingdon County	14.3
42063	PA	Indiana County	18.2
42065	PA	Jefferson County	14.6
42067	PA	Juniata County	12.8
42069	PA	Lackawanna County	15.3
42071	PA	Lancaster County	10.6
42073	PA	Lawrence County	17.5
42075	PA	Lebanon County	11.6
42077	PA	Lehigh County	12.1
42079	PA	Luzerne County	15.1
42081	PA	Lycoming County	14.8
42083	PA	Mc Kean County	16.9
42085	PA	Mercer County	14.2
42087	PA	Mifflin County	15.4
42089	PA	Monroe County	12.7
42091	PA	Montgomery County	6.6
42093	PA	Montour County	9.0
42095	PA	Northampton County	8.8
42097	PA	Northumberland County	13.1
42099	PA	Perry County	9.6
42101	PA	Philadelphia County	25.4
42103	PA	Pike County	10.9
42105	PA	Potter County	14.3
42107	PA	Schuylkill County	13.0
42109	PA	Snyder County	11.7
42111	PA	Somerset County	14.4
42113	PA	Sullivan County	13.5
42115	PA	Susquehanna County	12.6
42117	PA	Tioga County	13.1
42119	PA	Union County	12.4
42121	PA	Venango County	13.5
42123	PA	Warren County	12.2
42125	PA	Washington County	10.1
42127	PA	Wayne County	13.3
42129	PA	Westmoreland County	11.3
42131	PA	Wyoming County	11.1
42133	PA	York County	10.4
44001	RI	Bristol County	9.3
44003	RI	Kent County	8.7
44005	RI	Newport County	11.1
44007	RI	Providence County	17.2
44009	RI	Washington County	9.9
45001	SC	Abbeville County	19.1
45003	SC	Aiken County	18.1
45005	SC	Allendale County	41.0
45007	SC	Anderson County	17.2
45009	SC	Bamberg County	32.7
45011	SC	Barnwell County	27.3
45013	SC	Beaufort County	12.9
45015	SC	Berkeley County	13.0
45017	SC	Calhoun County	21.3
45019	SC	Charleston County	14.9
45021	SC	Cherokee County	20.3
45023	SC	Chester County	25.7
45025	SC	Chesterfield County	23.5
45027	SC	Clarendon County	25.4
45029	SC	Colleton County	23.1
45031	SC	Darlington County	21.5
45033	SC	Dillon County	31.2
45035	SC	Dorchester County	13.6
45037	SC	Edgefield County	18.9
45039	SC	Fairfield County	23.0
45041	SC	Florence County	20.3
45043	SC	Georgetown County	19.3
45045	SC	Greenville County	13.8
45047	SC	Greenwood County	19.1
45049	SC	Hampton County	23.6
45051	SC	Horry County	16.7
45053	SC	Jasper County	23.2
45055	SC	Kershaw County	15.5
45057	SC	Lancaster County	14.4
45059	SC	Laurens County	18.9
45061	SC	Lee County	28.3
45063	SC	Lexington County	13.2
45065	SC	McCormick County	19.2
45067	SC	Marion County	24.4
45069	SC	Marlboro County	28.2
45071	SC	Newberry County	19.1
45073	SC	Oconee County	18.0
45075	SC	Orangeburg County	24.0
45077	SC	Pickens County	18.1
45079	SC	Richland County	15.8
45081	SC	Saluda County	18.3
45083	SC	Spartanburg County	15.0
45085	SC	Sumter County	19.6
45087	SC	Union County	23.2
45089	SC	Williamsburg County	33.6
45091	SC	York County	12.5
46003	SD	Aurora County	9.6
46005	SD	Beadle County	15.5
46007	SD	Bennett County	35.1
46009	SD	Bon Homme County	14.6
46011	SD	Brookings County	14.5
46013	SD	Brown County	10.2
46015	SD	Brule County	12.7
46017	SD	Buffalo County	36.8
46019	SD	Butte County	13.9
46021	SD	Campbell County	9.5
46023	SD	Charles Mix County	23.3
46025	SD	Clark County	12.6
46027	SD	Clay County	19.0
46029	SD	Codington County	10.8
46031	SD	Corson County	47.4
46033	SD	Custer County	10.7
46035	SD	Davison County	13.4
46037	SD	Day County	14.2
46039	SD	Deuel County	10.0
46041	SD	Dewey County	24.7
46043	SD	Douglas County	10.4
46045	SD	Edmunds County	10.7
46047	SD	Fall River County	14.6
46049	SD	Faulk County	12.9
46051	SD	Grant County	9.2
46053	SD	Gregory County	18.1
46055	SD	Haakon County	10.8
46057	SD	Hamlin County	9.0
46059	SD	Hand County	8.5
46061	SD	Hanson County	8.7
46063	SD	Harding County	10.2
46065	SD	Hughes County	10.8
46067	SD	Hutchinson County	12.3
46069	SD	Hyde County	11.1
46071	SD	Jackson County	32.5
46073	SD	Jerauld County	13.7
46075	SD	Jones County	13.5
46077	SD	Kingsbury County	9.5
46079	SD	Lake County	10.1
46081	SD	Lawrence County	12.9
46083	SD	Lincoln County	4.3
46085	SD	Lyman County	22.7
46087	SD	McCook County	9.5
46089	SD	McPherson County	15.7
46091	SD	Marshall County	12.3
46093	SD	Meade County	9.9
46095	SD	Mellette County	35.6
46097	SD	Miner County	10.8
46099	SD	Minnehaha County	12.2
46101	SD	Moody County	10.7
46102	SD	Oglala Lakota County	44.2
46103	SD	Pennington County	12.2
46105	SD	Perkins County	13.1
46107	SD	Potter County	10.0
46109	SD	Roberts County	20.0
46111	SD	Sanborn County	11.9
46115	SD	Spink County	12.1
46117	SD	Stanley County	8.3
46119	SD	Sully County	6.9
46121	SD	Todd County	44.0
46123	SD	Tripp County	17.7
46125	SD	Turner County	10.0
46127	SD	Union County	6.3
46129	SD	Walworth County	14.8
46135	SD	Yankton County	13.6
46137	SD	Ziebach County	47.1
47001	TN	Anderson County	19.7
47003	TN	Bedford County	17.0
47005	TN	Benton County	20.5
47007	TN	Bledsoe County	26.1
47009	TN	Blount County	13.1
47011	TN	Bradley County	18.1
47013	TN	Campbell County	26.2
47015	TN	Cannon County	16.4
47017	TN	Carroll County	21.1
47019	TN	Carter County	23.6
47021	TN	Cheatham County	10.6
47023	TN	Chester County	19.0
47025	TN	Claiborne County	21.6
47027	TN	Clay County	23.7
47029	TN	Cocke County	26.4
47031	TN	Coffee County	15.9
47033	TN	Crockett County	19.1
47035	TN	Cumberland County	16.7
47037	TN	Davidson County	17.1
47039	TN	Decatur County	19.4
47041	TN	DeKalb County	20.2
47043	TN	Dickson County	16.4
47045	TN	Dyer County	22.5
47047	TN	Fayette County	13.8
47049	TN	Fentress County	25.7
47051	TN	Franklin County	15.0
47053	TN	Gibson County	15.7
47055	TN	Giles County	16.1
47057	TN	Grainger County	18.7
47059	TN	Greene County	18.0
47061	TN	Grundy County	26.1
47063	TN	Hamblen County	19.0
47065	TN	Hamilton County	15.2
47067	TN	Hancock County	30.1
47069	TN	Hardeman County	24.2
47071	TN	Hardin County	22.7
47073	TN	Hawkins County	21.2
47075	TN	Haywood County	22.5
47077	TN	Henderson County	17.5
47079	TN	Henry County	19.1
47081	TN	Hickman County	20.4
47083	TN	Houston County	19.5
47085	TN	Humphreys County	15.9
47087	TN	Jackson County	23.6
47089	TN	Jefferson County	16.8
47091	TN	Johnson County	27.2
47093	TN	Knox County	15.6
47095	TN	Lake County	43.1
47097	TN	Lauderdale County	26.2
47099	TN	Lawrence County	18.9
47101	TN	Lewis County	17.9
47103	TN	Lincoln County	16.0
47105	TN	Loudon County	13.5
47107	TN	McMinn County	23.0
47109	TN	McNairy County	18.9
47111	TN	Macon County	18.5
47113	TN	Madison County	18.1
47115	TN	Marion County	19.0
47117	TN	Marshall County	13.8
47119	TN	Maury County	13.2
47121	TN	Meigs County	20.2
47123	TN	Monroe County	18.6
47125	TN	Montgomery County	13.4
47127	TN	Moore County	11.8
47129	TN	Morgan County	21.2
47131	TN	Obion County	19.5
47133	TN	Overton County	17.5
47135	TN	Perry County	22.3
47137	TN	Pickett County	18.9
47139	TN	Polk County	18.4
47141	TN	Putnam County	19.7
47143	TN	Rhea County	23.3
47145	TN	Roane County	17.6
47147	TN	Robertson County	12.3
47149	TN	Rutherford County	11.1
47151	TN	Scott County	25.5
47153	TN	Sequatchie County	18.7
47155	TN	Sevier County	14.6
47157	TN	Shelby County	20.2
47159	TN	Smith County	18.1
47161	TN	Stewart County	15.5
47163	TN	Sullivan County	16.4
47165	TN	Sumner County	10.1
47167	TN	Tipton County	14.4
47169	TN	Trousdale County	16.2
47171	TN	Unicoi County	19.2
47173	TN	Union County	23.9
47175	TN	Van Buren County	18.9
47177	TN	Warren County	21.2
47179	TN	Washington County	17.2
47181	TN	Wayne County	25.4
47183	TN	Weakley County	18.2
47185	TN	White County	18.2
47187	TN	Williamson County	5.0
47189	TN	Wilson County	8.4
48001	TX	Anderson County	21.0
48003	TX	Andrews County	10.4
48005	TX	Angelina County	17.9
48007	TX	Aransas County	18.2
48009	TX	Archer County	9.5
48011	TX	Armstrong County	10.4
48013	TX	Atascosa County	20.4
48015	TX	Austin County	12.7
48017	TX	Bailey County	15.8
48019	TX	Bandera County	13.3
48021	TX	Bastrop County	12.7
48023	TX	Baylor County	17.4
48025	TX	Bee County	23.4
48027	TX	Bell County	15.9
48029	TX	Bexar County	15.6
48031	TX	Blanco County	10.9
48033	TX	Borden County	10.2
48035	TX	Bosque County	15.0
48037	TX	Bowie County	18.6
48039	TX	Brazoria County	10.6
48041	TX	Brazos County	24.0
48043	TX	Brewster County	14.8
48045	TX	Briscoe County	16.6
48047	TX	Brooks County	31.7
48049	TX	Brown County	18.2
48051	TX	Burleson County	15.5
48053	TX	Burnet County	13.2
48055	TX	Caldwell County	17.8
48057	TX	Calhoun County	16.8
48059	TX	Callahan County	13.0
48061	TX	Cameron County	32.0
48063	TX	Camp County	18.8
48065	TX	Carson County	8.5
48067	TX	Cass County	20.0
48069	TX	Castro County	18.8
48071	TX	Chambers County	9.6
48073	TX	Cherokee County	19.0
48075	TX	Childress County	22.3
48077	TX	Clay County	12.3
48079	TX	Cochran County	22.5
48081	TX	Coke County	13.5
48083	TX	Coleman County	20.0
48085	TX	Collin County	6.6
48087	TX	Collingsworth County	19.0
48089	TX	Colorado County	14.5
48091	TX	Comal County	8.3
48093	TX	Comanche County	16.8
48095	TX	Concho County	26.4
48097	TX	Cooke County	13.2
48099	TX	Coryell County	16.0
48101	TX	Cottle County	21.4
48103	TX	Crane County	9.6
48105	TX	Crockett County	12.9
48107	TX	Crosby County	22.8
48109	TX	Culberson County	23.9
48111	TX	Dallam County	12.0
48113	TX	Dallas County	17.9
48115	TX	Dawson County	21.9
48117	TX	Deaf Smith County	19.4
48119	TX	Delta County	18.5
48121	TX	Denton County	8.0
48123	TX	DeWitt County	19.2
48125	TX	Dickens County	22.2
48127	TX	Dimmit County	24.4
48129	TX	Donley County	20.2
48131	TX	Duval County	25.4
48133	TX	Eastland County	18.1
48135	TX	Ector County	12.6
48137	TX	Edwards County	22.2
48139	TX	Ellis County	10.9
48141	TX	El Paso County	20.3
48143	TX	Erath County	17.7
48145	TX	Falls County	23.9
48147	TX	Fannin County	16.4
48149	TX	Fayette County	12.0
48151	TX	Fisher County	15.2
48153	TX	Floyd County	21.8
48155	TX	Foard County	17.8
48157	TX	Fort Bend County	7.0
48159	TX	Franklin County	16.4
48161	TX	Freestone County	15.8
48163	TX	Frio County	29.3
48165	TX	Gaines County	13.3
48167	TX	Galveston County	14.0
48169	TX	Garza County	26.8
48171	TX	Gillespie County	10.4
48173	TX	Glasscock County	7.8
48175	TX	Goliad County	14.1
48177	TX	Gonzales County	16.4
48179	TX	Gray County	13.0
48181	TX	Grayson County	15.2
48183	TX	Gregg County	17.0
48185	TX	Grimes County	17.8
48187	TX	Guadalupe County	10.3
48189	TX	Hale County	20.3
48191	TX	Hall County	25.5
48193	TX	Hamilton County	15.4
48195	TX	Hansford County	11.7
48197	TX	Hardeman County	18.0
48199	TX	Hardin County	11.8
48201	TX	Harris County	16.6
48203	TX	Harrison County	18.5
48205	TX	Hartley County	9.9
48207	TX	Haskell County	22.3
48209	TX	Hays County	13.6
48211	TX	Hemphill County	8.6
48213	TX	Henderson County	16.2
48215	TX	Hidalgo County	31.1
48217	TX	Hill County	17.8
48219	TX	Hockley County	15.9
48221	TX	Hood County	9.8
48223	TX	Hopkins County	15.9
48225	TX	Houston County	27.0
48227	TX	Howard County	19.1
48229	TX	Hudspeth County	25.0
48231	TX	Hunt County	16.5
48233	TX	Hutchinson County	14.2
48235	TX	Irion County	7.9
48237	TX	Jack County	17.1
48239	TX	Jackson County	13.6
48241	TX	Jasper County	15.7
48243	TX	Jeff Davis County	13.3
48245	TX	Jefferson County	16.9
48247	TX	Jim Hogg County	23.2
48249	TX	Jim Wells County	22.1
48251	TX	Johnson County	11.4
48253	TX	Jones County	21.4
48255	TX	Karnes County	20.0
48257	TX	Kaufman County	13.1
48259	TX	Kendall County	8.0
48261	TX	Kenedy County	16.5
48263	TX	Kent County	11.3
48265	TX	Kerr County	14.3
48267	TX	Kimble County	20.0
48269	TX	King County	11.0
48271	TX	Kinney County	20.6
48273	TX	Kleberg County	24.3
48275	TX	Knox County	19.2
48277	TX	Lamar County	18.8
48279	TX	Lamb County	21.8
48281	TX	Lampasas County	13.9
48283	TX	La Salle County	27.9
48285	TX	Lavaca County	12.2
48287	TX	Lee County	12.4
48289	TX	Leon County	13.8
48291	TX	Liberty County	15.8
48293	TX	Limestone County	19.1
48295	TX	Lipscomb County	9.7
48297	TX	Live Oak County	15.8
48299	TX	Llano County	14.8
48301	TX	Loving County	14.3
48303	TX	Lubbock County	20.1
48305	TX	Lynn County	20.5
48307	TX	McCulloch County	18.6
48309	TX	McLennan County	19.9
48311	TX	McMullen County	10.0
48313	TX	Madison County	19.2
48315	TX	Marion County	23.4
48317	TX	Martin County	11.4
48319	TX	Mason County	13.8
48321	TX	Matagorda County	20.5
48323	TX	Maverick County	23.9
48325	TX	Medina County	14.8
48327	TX	Menard County	20.8
48329	TX	Midland County	8.9
48331	TX	Milam County	16.9
48333	TX	Mills County	16.6
48335	TX	Mitchell County	19.7
48337	TX	Montague County	15.2
48339	TX	Montgomery County	10.1
48341	TX	Moore County	14.4
48343	TX	Morris County	19.5
48345	TX	Motley County	17.0
48347	TX	Nacogdoches County	24.5
48349	TX	Navarro County	19.6
48351	TX	Newton County	21.2
48353	TX	Nolan County	20.0
48355	TX	Nueces County	19.9
48357	TX	Ochiltree County	8.8
48359	TX	Oldham County	13.4
48361	TX	Orange County	16.1
48363	TX	Palo Pinto County	18.6
48365	TX	Panola County	15.1
48367	TX	Parker County	9.4
48369	TX	Parmer County	14.5
48371	TX	Pecos County	18.1
48373	TX	Polk County	17.2
48375	TX	Potter County	22.4
48377	TX	Presidio County	22.4
48379	TX	Rains County	14.4
48381	TX	Randall County	8.5
48383	TX	Reagan County	8.8
48385	TX	Real County	19.4
48387	TX	Red River County	20.2
48389	TX	Reeves County	19.3
48391	TX	Refugio County	15.4
48393	TX	Roberts County	6.7
48395	TX	Robertson County	16.6
48397	TX	Rockwall County	6.0
48399	TX	Runnels County	18.5
48401	TX	Rusk County	16.6
48403	TX	Sabine County	19.7
48405	TX	San Augustine County	24.3
48407	TX	San Jacinto County	18.1
48409	TX	San Patricio County	15.5
48411	TX	San Saba County	18.9
48413	TX	Schleicher County	13.4
48415	TX	Scurry County	12.7
48417	TX	Shackelford County	13.1
48419	TX	Shelby County	19.8
48421	TX	Sherman County	12.8
48423	TX	Smith County	16.0
48425	TX	Somervell County	12.1
48427	TX	Starr County	30.9
48429	TX	Stephens County	18.2
48431	TX	Sterling County	11.6
48433	TX	Stonewall County	14.5
48435	TX	Sutton County	12.5
48437	TX	Swisher County	21.6
48439	TX	Tarrant County	13.1
48441	TX	Taylor County	14.8
48443	TX	Terrell County	16.7
48445	TX	Terry County	22.5
48447	TX	Throckmorton County	13.6
48449	TX	Titus County	20.1
48451	TX	Tom Green County	15.6
48453	TX	Travis County	13.2
48455	TX	Trinity County	19.5
48457	TX	Tyler County	19.9
48459	TX	Upshur County	15.5
48461	TX	Upton County	13.5
48463	TX	Uvalde County	20.7
48465	TX	Val Verde County	22.1
48467	TX	Van Zandt County	15.9
48469	TX	Victoria County	13.6
48471	TX	Walker County	22.7
48473	TX	Waller County	16.0
48475	TX	Ward County	12.8
48477	TX	Washington County	14.5
48479	TX	Webb County	30.5
48481	TX	Wharton County	17.2
48483	TX	Wheeler County	12.9
48485	TX	Wichita County	18.9
48487	TX	Wilbarger County	16.5
48489	TX	Willacy County	35.4
48491	TX	Williamson County	6.6
48493	TX	Wilson County	9.4
48495	TX	Winkler County	13.3
48497	TX	Wise County	12.1
48499	TX	Wood County	16.6
48501	TX	Yoakum County	11.1
48503	TX	Young County	15.0
48505	TX	Zapata County	30.9
48507	TX	Zavala County	32.0
49001	UT	Beaver County	11.2
49003	UT	Box Elder County	8.4
49005	UT	Cache County	16.0
49007	UT	Carbon County	16.3
49009	UT	Daggett County	8.0
49011	UT	Davis County	6.9
49013	UT	Duchesne County	11.0
49015	UT	Emery County	10.4
49017	UT	Garfield County	11.2
49019	UT	Grand County	13.0
49021	UT	Iron County	18.3
49023	UT	Juab County	10.5
49025	UT	Kane County	11.3
49027	UT	Millard County	13.1
49029	UT	Morgan County	4.8
49031	UT	Piute County	17.3
49033	UT	Rich County	9.1
49035	UT	Salt Lake County	10.8
49037	UT	San Juan County	28.5
49039	UT	Sanpete County	17.2
49041	UT	Sevier County	14.0
49043	UT	Summit County	6.2
49045	UT	Tooele County	7.2
49047	UT	Uintah County	9.9
49049	UT	Utah County	12.5
49051	UT	Wasatch County	6.9
49053	UT	Washington County	13.2
49055	UT	Wayne County	15.0
49057	UT	Weber County	12.4
50001	VT	Addison County	8.9
50003	VT	Bennington County	11.8
50005	VT	Caledonia County	11.5
50007	VT	Chittenden County	10.4
50009	VT	Essex County	14.3
50011	VT	Franklin County	8.1
50013	VT	Grand Isle County	8.3
50015	VT	Lamoille County	10.2
50017	VT	Orange County	9.8
50019	VT	Orleans County	13.3
50021	VT	Rutland County	11.4
50023	VT	Washington County	9.3
50025	VT	Windham County	13.2
50027	VT	Windsor County	9.1
51001	VA	Accomack County	20.4
51003	VA	Albemarle County	9.5
51005	VA	Alleghany County	18.2
51007	VA	Amelia County	11.1
51009	VA	Amherst County	15.0
51011	VA	Appomattox County	14.2
51013	VA	Arlington County	7.1
51015	VA	Augusta County	9.3
51017	VA	Bath County	10.3
51019	VA	Bedford County	9.1
51021	VA	Bland County	13.6
51023	VA	Botetourt County	7.4
51025	VA	Brunswick County	22.1
51027	VA	Buchanan County	28.8
51029	VA	Buckingham County	20.2
51031	VA	Campbell County	11.7
51033	VA	Caroline County	12.0
51035	VA	Carroll County	15.0
51036	VA	Charles City County	11.6
51037	VA	Charlotte County	19.2
51041	VA	Chesterfield County	6.9
51043	VA	Clarke County	8.4
51045	VA	Craig County	11.9
51047	VA	Culpeper County	10.2
51049	VA	Cumberland County	19.6
51051	VA	Dickenson County	25.0
51053	VA	Dinwiddie County	12.4
51057	VA	Essex County	15.5
51059	VA	Fairfax County	6.2
51061	VA	Fauquier County	6.8
51063	VA	Floyd County	11.9
51065	VA	Fluvanna County	7.8
51067	VA	Franklin County	13.1
51069	VA	Frederick County	7.7
51071	VA	Giles County	10.6
51073	VA	Gloucester County	9.3
51075	VA	Goochland County	7.4
51077	VA	Grayson County	20.1
51079	VA	Greene County	9.3
51081	VA	Greensville County	27.9
51083	VA	Halifax County	16.9
51085	VA	Hanover County	6.2
51087	VA	Henrico County	9.3
51089	VA	Henry County	19.6
51091	VA	Highland County	13.8
51093	VA	Isle of Wight County	9.9
51095	VA	James City County	7.1
51097	VA	King and Queen County	14.0
51099	VA	King George County	7.1
51101	VA	King William County	7.9
51103	VA	Lancaster County	13.1
51105	VA	Lee County	25.9
51107	VA	Loudoun County	3.7
51109	VA	Louisa County	10.6
51111	VA	Lunenburg County	21.1
51113	VA	Madison County	10.4
51115	VA	Mathews County	10.2
51117	VA	Mecklenburg County	20.4
51119	VA	Middlesex County	12.8
51121	VA	Montgomery County	20.8
51125	VA	Nelson County	13.9
51127	VA	New Kent County	6.7
51131	VA	Northampton County	20.5
51133	VA	Northumberland County	13.7
51135	VA	Nottoway County	23.7
51137	VA	Orange County	10.4
51139	VA	Page County	15.0
51141	VA	Patrick County	17.0
51143	VA	Pittsylvania County	17.1
51145	VA	Powhatan County	6.4
51147	VA	Prince Edward County	22.3
51149	VA	Prince George County	9.9
51153	VA	Prince William County	6.7
51155	VA	Pulaski County	15.0
51157	VA	Rappahannock County	9.8
51159	VA	Richmond County	17.7
51161	VA	Roanoke County	7.3
51163	VA	Rockbridge County	12.8
51165	VA	Rockingham County	11.0
51167	VA	Russell County	21.2
51169	VA	Scott County	19.2
51171	VA	Shenandoah County	11.5
51173	VA	Smyth County	18.1
51175	VA	Southampton County	15.2
51177	VA	Spotsylvania County	7.7
51179	VA	Stafford County	5.4
51181	VA	Surry County	13.0
51183	VA	Sussex County	22.1
51185	VA	Tazewell County	17.2
51187	VA	Warren County	10.8
51191	VA	Washington County	16.3
51193	VA	Westmoreland County	14.1
51195	VA	Wise County	22.7
51197	VA	Wythe County	14.4
51199	VA	York County	5.3
51510	VA	Alexandria city	9.1
51520	VA	Bristol city	19.3
51530	VA	Buena Vista city	17.3
51540	VA	Charlottesville city	20.7
51550	VA	Chesapeake city	9.7
51570	VA	Colonial Heights city	10.6
51580	VA	Covington city	18.3
51590	VA	Danville city	23.5
51595	VA	Emporia city	22.5
51600	VA	Fairfax city	7.3
51610	VA	Falls Church city	3.4
51620	VA	Franklin city	19.4
51630	VA	Fredericksburg city	15.9
51640	VA	Galax city	24.2
51650	VA	Hampton city	15.2
51660	VA	Harrisonburg city	30.9
51670	VA	Hopewell city	20.6
51678	VA	Lexington city	22.9
51680	VA	Lynchburg city	23.1
51683	VA	Manassas city	9.6
51685	VA	Manassas Park city	7.7
51690	VA	Martinsville city	23.7
51700	VA	Newport News city	16.8
51710	VA	Norfolk city	21.5
51720	VA	Norton city	23.7
51730	VA	Petersburg city	28.4
51735	VA	Poquoson city	5.4
51740	VA	Portsmouth city	18.6
51750	VA	Radford city	32.8
51760	VA	Richmond city	24.4
51770	VA	Roanoke city	21.3
51775	VA	Salem city	10.2
51790	VA	Staunton city	15.2
51800	VA	Suffolk city	13.1
51810	VA	Virginia Beach city	8.2
51820	VA	Waynesboro city	16.0
51830	VA	Williamsburg city	22.0
51840	VA	Winchester city	17.8
53001	WA	Adams County	16.5
53003	WA	Asotin County	15.7
53005	WA	Benton County	14.2
53007	WA	Chelan County	12.7
53009	WA	Clallam County	15.6
53011	WA	Clark County	10.6
53013	WA	Columbia County	15.2
53015	WA	Cowlitz County	15.7
53017	WA	Douglas County	13.5
53019	WA	Ferry County	20.4
53021	WA	Franklin County	15.6
53023	WA	Garfield County	15.2
53025	WA	Grant County	16.1
53027	WA	Grays Harbor County	16.0
53029	WA	Island County	8.4
53031	WA	Jefferson County	11.9
53033	WA	King County	9.8
53035	WA	Kitsap County	9.9
53037	WA	Kittitas County	20.0
53039	WA	Klickitat County	17.2
53041	WA	Lewis County	15.3
53043	WA	Lincoln County	14.0
53045	WA	Mason County	16.9
53047	WA	Okanogan County	20.5
53049	WA	Pacific County	18.8
53051	WA	Pend Oreille County	19.6
53053	WA	Pierce County	12.4
53055	WA	San Juan County	11.5
53057	WA	Skagit County	14.9
53059	WA	Skamania County	14.5
53061	WA	Snohomish County	9.3
53063	WA	Spokane County	15.5
53065	WA	Stevens County	19.7
53067	WA	Thurston County	12.2
53069	WA	Wahkiakum County	12.6
53071	WA	Walla Walla County	16.5
53073	WA	Whatcom County	14.4
53075	WA	Whitman County	20.8
53077	WA	Yakima County	19.1
54001	WV	Barbour County	20.1
54003	WV	Berkeley County	12.5
54005	WV	Boone County	23.4
54007	WV	Braxton County	23.7
54009	WV	Brooke County	14.9
54011	WV	Cabell County	20.2
54013	WV	Calhoun County	20.0
54015	WV	Clay County	27.7
54017	WV	Doddridge County	18.1
54019	WV	Fayette County	19.9
54021	WV	Gilmer County	25.8
54023	WV	Grant County	15.9
54025	WV	Greenbrier County	19.0
54027	WV	Hampshire County	18.6
54029	WV	Hancock County	13.7
54031	WV	Hardy County	14.4
54033	WV	Harrison County	16.0
54035	WV	Jackson County	15.4
54037	WV	Jefferson County	10.6
54039	WV	Kanawha County	16.5
54041	WV	Lewis County	20.6
54043	WV	Lincoln County	28.3
54045	WV	Logan County	22.4
54047	WV	McDowell County	34.5
54049	WV	Marion County	16.0
54051	WV	Marshall County	12.6
54053	WV	Mason County	22.3
54055	WV	Mercer County	21.1
54057	WV	Mineral County	15.4
54059	WV	Mingo County	29.0
54061	WV	Monongalia County	19.6
54063	WV	Monroe County	18.5
54065	WV	Morgan County	14.1
54067	WV	Nicholas County	18.5
54069	WV	Ohio County	14.0
54071	WV	Pendleton County	16.4
54073	WV	Pleasants County	15.4
54075	WV	Pocahontas County	18.9
54077	WV	Preston County	17.0
54079	WV	Putnam County	10.4
54081	WV	Raleigh County	19.9
54083	WV	Randolph County	19.8
54085	WV	Ritchie County	18.5
54087	WV	Roane County	21.1
54089	WV	Summers County	26.4
54091	WV	Taylor County	16.2
54093	WV	Tucker County	17.1
54095	WV	Tyler County	16.3
54097	WV	Upshur County	17.3
54099	WV	Wayne County	22.5
54101	WV	Webster County	29.6
54103	WV	Wetzel County	20.0
54105	WV	Wirt County	17.9
54107	WV	Wood County	17.3
54109	WV	Wyoming County	22.5
55001	WI	Adams County	17.4
55003	WI	Ashland County	17.2
55005	WI	Barron County	10.5
55007	WI	Bayfield County	11.1
55009	WI	Brown County	11.1
55011	WI	Buffalo County	10.2
55013	WI	Burnett County	13.1
55015	WI	Calumet County	6.2
55017	WI	Chippewa County	10.8
55019	WI	Clark County	13.9
55021	WI	Columbia County	8.9
55023	WI	Crawford County	14.5
55025	WI	Dane County	11.2
55027	WI	Dodge County	8.7
55029	WI	Door County	8.5
55031	WI	Douglas County	14.8
55033	WI	Dunn County	13.5
55035	WI	Eau Claire County	13.6
55037	WI	Florence County	12.2
55039	WI	Fond du Lac County	9.4
55041	WI	Forest County	14.5
55043	WI	Grant County	14.0
55045	WI	Green County	7.5
55047	WI	Green Lake County	12.2
55049	WI	Iowa County	9.5
55051	WI	Iron County	13.0
55053	WI	Jackson County	12.4
55055	WI	Jefferson County	9.2
55057	WI	Juneau County	14.5
55059	WI	Kenosha County	12.7
55061	WI	Kewaunee County	8.2
55063	WI	La Crosse County	14.4
55065	WI	Lafayette County	10.5
55067	WI	Langlade County	14.4
55069	WI	Lincoln County	9.8
55071	WI	Manitowoc County	10.7
55073	WI	Marathon County	9.5
55075	WI	Marinette County	12.7
55077	WI	Marquette County	12.0
55078	WI	Menominee County	35.2
55079	WI	Milwaukee County	20.3
55081	WI	Monroe County	12.8
55083	WI	Oconto County	9.7
55085	WI	Oneida County	9.5
55087	WI	Outagamie County	9.0
55089	WI	Ozaukee County	5.2
55091	WI	Pepin County	10.1
55093	WI	Pierce County	9.8
55095	WI	Polk County	10.1
55097	WI	Portage County	12.2
55099	WI	Price County	13.0
55101	WI	Racine County	12.4
55103	WI	Richland County	14.2
55105	WI	Rock County	13.9
55107	WI	Rusk County	14.0
55109	WI	St. Croix County	5.7
55111	WI	Sauk County	11.7
55113	WI	Sawyer County	15.5
55115	WI	Shawano County	11.6
55117	WI	Sheboygan County	9.0
55119	WI	Taylor County	12.4
55121	WI	Trempealeau County	9.4
55123	WI	Vernon County	14.8
55125	WI	Vilas County	13.4
55127	WI	Walworth County	12.4
55129	WI	Washburn County	13.5
55131	WI	Washington County	5.3
55133	WI	Waukesha County	4.7
55135	WI	Waupaca County	10.7
55137	WI	Waushara County	11.8
55139	WI	Winnebago County	11.3
55141	WI	Wood County	11.3
56001	WY	Albany County	20.1
56003	WY	Big Horn County	12.1
56005	WY	Campbell County	7.5
56007	WY	Carbon County	11.4
56009	WY	Converse County	8.5
56011	WY	Crook County	7.7
56013	WY	Fremont County	12.9
56015	WY	Goshen County	15.1
56017	WY	Hot Springs County	11.9
56019	WY	Johnson County	8.2
56021	WY	Laramie County	10.6
56023	WY	Lincoln County	8.8
56025	WY	Natrona County	11.0
56027	WY	Niobrara County	13.3
56029	WY	Park County	9.6
56031	WY	Platte County	11.7
56033	WY	Sheridan County	9.5
56035	WY	Sublette County	6.1
56037	WY	Sweetwater County	8.5
56039	WY	Teton County	6.6
56041	WY	Uinta County	9.8
56043	WY	Washakie County	11.2
56045	WY	Weston County	9.8
